{
  "final_time": 20.00000000000015,
  "final_evacuated": 150,
  "total_pedestrians": 160,
  "evacuation_rate": 0.9375,
  "final_evacuation_rate": 0.9375,
  "full_evacuation_time": null,
  "mean_speed": 1.0646258728723959,
  "mean_active_speed_over_time": 1.0646258728723959,
  "congestion_index": 1.4833535364743007,
  "peak_congestion_index": 7.4625,
  "mean_congestion_index": 1.4833535364743007,
  "near_collision_count": 246,
  "peak_near_collision_count": 246,
  "mean_path_length": 16.69643360990028,
  "total_path_length": 2671.4293775840447
}