{
  "baseline": {
    "final_time": 20.00000000000015,
    "final_evacuated": 149,
    "total_pedestrians": 160,
    "evacuation_rate": 0.93125,
    "final_evacuation_rate": 0.93125,
    "full_evacuation_time": null,
    "mean_speed": 1.0544503123042717,
    "mean_active_speed_over_time": 1.0544503123042717,
    "congestion_index": 1.5138073468466362,
    "peak_congestion_index": 7.4625,
    "mean_congestion_index": 1.5138073468466362,
    "near_collision_count": 246,
    "peak_near_collision_count": 246,
    "mean_path_length": 16.68245874640839,
    "total_path_length": 2669.1933994253422
  },
  "guided": {
    "final_time": 20.00000000000015,
    "final_evacuated": 150,
    "total_pedestrians": 160,
    "evacuation_rate": 0.9375,
    "final_evacuation_rate": 0.9375,
    "full_evacuation_time": null,
    "mean_speed": 1.057805630647031,
    "mean_active_speed_over_time": 1.057805630647031,
    "congestion_index": 1.6103505437524563,
    "peak_congestion_index": 7.4625,
    "mean_congestion_index": 1.6103505437524563,
    "near_collision_count": 246,
    "peak_near_collision_count": 246,
    "mean_path_length": 16.725926648768638,
    "total_path_length": 2676.148263802982
  },
  "delta_final_evacuation_rate": 0.006249999999999978,
  "delta_peak_congestion_index": 0.0,
  "delta_mean_active_speed_over_time": 0.0033553183427592614,
  "baseline_final_rate_from_timeseries": 0.93125,
  "guided_final_rate_from_timeseries": 0.9375
}