{
  "final_time": 20.00000000000015,
  "final_evacuated": 150,
  "total_pedestrians": 160,
  "evacuation_rate": 0.9375,
  "final_evacuation_rate": 0.9375,
  "full_evacuation_time": null,
  "mean_speed": 1.057805630647031,
  "mean_active_speed_over_time": 1.057805630647031,
  "congestion_index": 1.6103505437524563,
  "peak_congestion_index": 7.4625,
  "mean_congestion_index": 1.6103505437524563,
  "near_collision_count": 246,
  "peak_near_collision_count": 246,
  "mean_path_length": 16.725926648768638,
  "total_path_length": 2676.148263802982
}