{
	"analytic":[
		[
			1,
			8.333333333333333e1
		],
		[
			2,
			2.0833333333333332e1
		],
		[
			3,
			9.25925925925926
		],
		[
			4,
			5.208333333333333
		],
		[
			5,
			3.3333333333333335
		],
		[
			6,
			2.314814814814815
		],
		[
			7,
			1.7006802721088434
		],
		[
			8,
			1.3020833333333333
		],
		[
			9,
			1.02880658436214
		],
		[
			10,
			0.8333333333333334
		],
		[
			11,
			0.6887052341597797
		],
		[
			12,
			0.5787037037037037
		],
		[
			13,
			0.4930966469428008
		],
		[
			14,
			0.42517006802721086
		],
		[
			15,
			0.37037037037037035
		],
		[
			16,
			0.3255208333333333
		]
	],
	"numeric":[
		[
			1,
			8.333333333333333e1
		],
		[
			2,
			2.0833333333333332e1
		],
		[
			3,
			9.259259259259256
		],
		[
			4,
			5.208333333333333
		],
		[
			5,
			3.333333333333333
		],
		[
			6,
			2.3148148148148153
		],
		[
			7,
			1.7006802721088432
		],
		[
			8,
			1.3020833333333333
		],
		[
			9,
			1.02880658436214
		],
		[
			10,
			0.8333333333333333
		],
		[
			11,
			0.6887052341597796
		],
		[
			12,
			0.5787037037037035
		],
		[
			13,
			0.493096646942801
		],
		[
			14,
			0.42517006802721075
		],
		[
			15,
			0.3703703703703705
		],
		[
			16,
			0.3255208333333333
		]
	],
	"gap":[
		[
			1,
			1.0e1
		],
		[
			2,
			5.0
		],
		[
			3,
			3.333333333333333
		],
		[
			4,
			2.5
		],
		[
			5,
			2.0
		],
		[
			6,
			1.6666666666666665
		],
		[
			7,
			1.4285714285714284
		],
		[
			8,
			1.25
		],
		[
			9,
			1.1111111111111112
		],
		[
			10,
			1.0
		],
		[
			11,
			0.9090909090909092
		],
		[
			12,
			0.8333333333333333
		],
		[
			13,
			0.7692307692307693
		],
		[
			14,
			0.7142857142857142
		],
		[
			15,
			0.6666666666666666
		],
		[
			16,
			0.625
		]
	],
	"abs_error":[
		[
			1,
			0.0
		],
		[
			2,
			0.0
		],
		[
			3,
			3.552713678800501e-15
		],
		[
			4,
			0.0
		],
		[
			5,
			4.440892098500626e-16
		],
		[
			6,
			4.440892098500626e-16
		],
		[
			7,
			2.220446049250313e-16
		],
		[
			8,
			0.0
		],
		[
			9,
			0.0
		],
		[
			10,
			1.1102230246251565e-16
		],
		[
			11,
			1.1102230246251565e-16
		],
		[
			12,
			2.220446049250313e-16
		],
		[
			13,
			1.6653345369377348e-16
		],
		[
			14,
			1.1102230246251565e-16
		],
		[
			15,
			1.6653345369377348e-16
		],
		[
			16,
			0.0
		]
	]
}