{
	"u_nom":[
		-3.0,
		0.5
	],
	"u_reference":[
		-0.4999999899999996,
		0.5
	],
	"u_dykstra":[
		-0.4999999899999996,
		0.5
	],
	"matrix":[
		[
			1.0,
			0.0
		]
	],
	"bounds":[
		-0.4999999899999996
	],
	"v_max":1.0,
	"active_rows":[
		1
	]
}