{
  "wall_time_s": 1791.9309936999998,
  "peak_process_resident_memory_bytes": 125779968,
  "primary_runtime_ms": {
    "n": 600,
    "mean": 13290.779747000064,
    "median": 8531.895900001473,
    "ci95_low": 12365.375532379254,
    "ci95_high": 14291.126798587597,
    "p95": 37270.28901000157,
    "worst_5_percent_mean": 43943.84024333376,
    "direction": "lower"
  }
}
