{
  "u_shape": {
    "noise": {
      "0.0": {
        "run_count": 30,
        "failure_rate": 0.1,
        "curve_chamfer_m": {
          "n": 27,
          "mean": 0.4738231361177747,
          "median": 0.4752448152814101,
          "ci95_low": 0.4608870784659971,
          "ci95_high": 0.48755391105176316,
          "p95": 0.5251436693845412,
          "worst_5_percent_mean": 0.5459420713428731,
          "direction": "lower"
        },
        "curve_hausdorff95_m": {
          "n": 27,
          "mean": 1.5326226867553525,
          "median": 1.5478966498032696,
          "ci95_low": 1.504137611159018,
          "ci95_high": 1.5589282551055266,
          "p95": 1.6280949888679508,
          "worst_5_percent_mean": 1.6312652898938007,
          "direction": "lower"
        }
      },
      "0.04": {
        "run_count": 30,
        "failure_rate": 0.16666666666666666,
        "curve_chamfer_m": {
          "n": 25,
          "mean": 0.4707826750673862,
          "median": 0.4762974408509188,
          "ci95_low": 0.4549970660724533,
          "ci95_high": 0.48626766765796653,
          "p95": 0.5164106234341118,
          "worst_5_percent_mean": 0.5411948666921648,
          "direction": "lower"
        },
        "curve_hausdorff95_m": {
          "n": 25,
          "mean": 1.533001902811435,
          "median": 1.5333160841827074,
          "ci95_low": 1.5037910625035793,
          "ci95_high": 1.5607469023301819,
          "p95": 1.6284726962631189,
          "worst_5_percent_mean": 1.6376808104144969,
          "direction": "lower"
        }
      },
      "0.08": {
        "run_count": 30,
        "failure_rate": 0.2,
        "curve_chamfer_m": {
          "n": 24,
          "mean": 0.46817620952882305,
          "median": 0.4626848577196685,
          "ci95_low": 0.4546990351549281,
          "ci95_high": 0.48248427045470554,
          "p95": 0.5269267574565766,
          "worst_5_percent_mean": 0.5296330735999213,
          "direction": "lower"
        },
        "curve_hausdorff95_m": {
          "n": 24,
          "mean": 1.5649484670628206,
          "median": 1.5825063350324688,
          "ci95_low": 1.5345018976462355,
          "ci95_high": 1.5943991144891416,
          "p95": 1.6623587558421364,
          "worst_5_percent_mean": 1.6935800170590083,
          "direction": "lower"
        }
      }
    },
    "dropout": {
      "0.0": {
        "run_count": 30,
        "failure_rate": 0.13333333333333333,
        "curve_chamfer_m": {
          "n": 26,
          "mean": 0.4660675545401794,
          "median": 0.47628863869898336,
          "ci95_low": 0.45321623656734783,
          "ci95_high": 0.47847791678394075,
          "p95": 0.5142775509449828,
          "worst_5_percent_mean": 0.5217315968979104,
          "direction": "lower"
        },
        "curve_hausdorff95_m": {
          "n": 26,
          "mean": 1.5424960630085385,
          "median": 1.5642528880292947,
          "ci95_low": 1.5141914545825406,
          "ci95_high": 1.5699173427558828,
          "p95": 1.6273959054541907,
          "worst_5_percent_mean": 1.6318007772159089,
          "direction": "lower"
        }
      },
      "0.15": {
        "run_count": 30,
        "failure_rate": 0.13333333333333333,
        "curve_chamfer_m": {
          "n": 26,
          "mean": 0.47295805224253346,
          "median": 0.47569600730049366,
          "ci95_low": 0.4560364704206767,
          "ci95_high": 0.4890951126322442,
          "p95": 0.5306024278085326,
          "worst_5_percent_mean": 0.5534788746045068,
          "direction": "lower"
        },
        "curve_hausdorff95_m": {
          "n": 26,
          "mean": 1.5358834927853298,
          "median": 1.541512263990348,
          "ci95_low": 1.509001940231568,
          "ci95_high": 1.5617756575510253,
          "p95": 1.6206267436882544,
          "worst_5_percent_mean": 1.6215679331876123,
          "direction": "lower"
        }
      },
      "0.3": {
        "run_count": 30,
        "failure_rate": 0.13333333333333333,
        "curve_chamfer_m": {
          "n": 26,
          "mean": 0.46860268964125734,
          "median": 0.47514650916083706,
          "ci95_low": 0.4542284332310137,
          "ci95_high": 0.48333548236711604,
          "p95": 0.5206253228410718,
          "worst_5_percent_mean": 0.5414550405754364,
          "direction": "lower"
        },
        "curve_hausdorff95_m": {
          "n": 26,
          "mean": 1.5032131385668597,
          "median": 1.5220728371520407,
          "ci95_low": 1.4660544391927937,
          "ci95_high": 1.5389316065055534,
          "p95": 1.6163117614362683,
          "worst_5_percent_mean": 1.6332387379414368,
          "direction": "lower"
        }
      }
    },
    "scale": {
      "0.75": {
        "run_count": 30,
        "failure_rate": 0.16666666666666666,
        "curve_chamfer_m": {
          "n": 25,
          "mean": 0.35344039335304495,
          "median": 0.35761765607354234,
          "ci95_low": 0.34136781020164125,
          "ci95_high": 0.36454019271563165,
          "p95": 0.38752843873073334,
          "worst_5_percent_mean": 0.4060726076253872,
          "direction": "lower"
        },
        "curve_hausdorff95_m": {
          "n": 25,
          "mean": 1.1499198165836442,
          "median": 1.150368997989424,
          "ci95_low": 1.1299163546640496,
          "ci95_high": 1.1713940777920293,
          "p95": 1.2215099434170393,
          "worst_5_percent_mean": 1.228499577977722,
          "direction": "lower"
        }
      },
      "1.0": {
        "run_count": 30,
        "failure_rate": 0.1,
        "curve_chamfer_m": {
          "n": 27,
          "mean": 0.47012589460699833,
          "median": 0.47471936228474476,
          "ci95_low": 0.45636535376857823,
          "ci95_high": 0.4833588142620083,
          "p95": 0.5243456212829778,
          "worst_5_percent_mean": 0.5364553105163332,
          "direction": "lower"
        },
        "curve_hausdorff95_m": {
          "n": 27,
          "mean": 1.5389315146329199,
          "median": 1.5586686328944708,
          "ci95_low": 1.511622975003613,
          "ci95_high": 1.5648969892659164,
          "p95": 1.622517149664616,
          "worst_5_percent_mean": 1.633403501604882,
          "direction": "lower"
        }
      },
      "1.25": {
        "run_count": 30,
        "failure_rate": 0.13333333333333333,
        "curve_chamfer_m": {
          "n": 26,
          "mean": 0.5920096259247101,
          "median": 0.6043223080080324,
          "ci95_low": 0.572280030912473,
          "ci95_high": 0.6105556577173394,
          "p95": 0.6544780728621084,
          "worst_5_percent_mean": 0.6786048098850154,
          "direction": "lower"
        },
        "curve_hausdorff95_m": {
          "n": 26,
          "mean": 1.9217198197472625,
          "median": 1.9324875339746264,
          "ci95_low": 1.8887860692711267,
          "ci95_high": 1.9542056855413588,
          "p95": 2.021644004070526,
          "worst_5_percent_mean": 2.0341480897517163,
          "direction": "lower"
        }
      }
    }
  },
  "c_shape": {
    "noise": {
      "0.0": {
        "run_count": 30,
        "failure_rate": 0.13333333333333333,
        "curve_chamfer_m": {
          "n": 26,
          "mean": 0.4606492765286877,
          "median": 0.46690741871886426,
          "ci95_low": 0.44845438618990463,
          "ci95_high": 0.47271179498087657,
          "p95": 0.5090134115981595,
          "worst_5_percent_mean": 0.5195280722164735,
          "direction": "lower"
        },
        "curve_hausdorff95_m": {
          "n": 26,
          "mean": 1.7559164365525577,
          "median": 1.7524757667788111,
          "ci95_low": 1.7302646978296605,
          "ci95_high": 1.78276594080484,
          "p95": 1.8743223404244813,
          "worst_5_percent_mean": 1.8960069870765672,
          "direction": "lower"
        }
      },
      "0.04": {
        "run_count": 30,