{
	"working_precision":50,
	"tolerances":{
		"exact":0,
		"cross_language":1.0e-9,
		"geometric":1.0e-9,
		"primal":1.0e-9,
		"kkt":1.0e-12,
		"projection_distance":1.0e-6
	},
	"geometry_length_residuals":[
		2.829179168472864e-16,
		1.244498229160204e-16,
		1.7281500259593496e-16,
		0.0,
		0.0
	],
	"geometry_length_residual_max":2.829179168472864e-16,
	"coverage_H_residuals":[
		1.7053025658242405e-16,
		0.0,
		1.9184653865522707e-16,
		1.332267629550188e-16,
		1.7053025658242407e-16,
		0.0,
		0.0,
		0.0,
		1.1102230246251565e-16,
		0.0,
		0.0,
		0.0,
		0.0,
		0.0,
		0.0,
		0.0,
		0.0,
		0.0,
		0.0,
		0.0,
		0.0
	],
	"coverage_H_residual_max":1.9184653865522707e-16,
	"controller_trace_residuals":[
		1.1102230246251565e-16,
		5.555988215398128e-16,
		3.9474596431116675e-16
	],
	"controller_trace_residual_max":5.555988215398128e-16,
	"safety_projection_measures":[
		{
			"name":"guide_pair_and_crowd_projected",
			"dykstra_vs_reference_distance":3.925231146709438e-17,
			"kkt_primal":0.0,
			"kkt_stationarity":0.0,
			"kkt_complementarity":0.0,
			"python_max_residual_after":0.0
		},
		{
			"name":"room_wall_and_speed_ball",
			"dykstra_vs_reference_distance":0.0,
			"kkt_primal":0.0,
			"kkt_stationarity":0.0,
			"kkt_complementarity":0.0,
			"python_max_residual_after":0.0
		},
		{
			"name":"three_guides_mixed",
			"dykstra_vs_reference_distance":2.7755575615628914e-17,
			"kkt_primal":0.0,
			"kkt_stationarity":2.981800031023134e-17,
			"kkt_complementarity":0.0,
			"python_max_residual_after":0.0
		}
	],
	"statistics_residuals":[
		0.0,
		3.847531664716588e-16,
		0.0,
		1.1102230246251565e-16
	],
	"statistics_residual_max":3.847531664716588e-16,
	"metrics_residuals":[
		0.0,
		1.543413037322766e-16,
		0.0,
		0.0,
		0.0
	],
	"metrics_residual_max":1.543413037322766e-16,
	"error_summary":{
		"max":5.555988215398128e-16,
		"median":0.0,
		"p95":3.86252086147585e-16,
		"count":38
	}
}