mode,seed,composite_score,final_evacuation_rate,congestion_index,cumulative_congestion,exit_imbalance
baseline,0,-0.5,0.0,5.749107142857143,2.0121875,0.0
baseline,1,-0.5482758620689648,0.0,5.746428571428572,2.01125,0.0
density_dbact,0,-0.20689655172411997,0.0,5.733928571428571,2.0068749999999995,0.0
density_dbact,1,-0.1,0.0,5.723214285714286,2.003125,0.0
nearest_exit,0,-0.4137931034482816,0.0,5.744642857142858,2.010625,0.0
nearest_exit,1,-0.4965517241379296,0.0,5.74375,2.0103125,0.0
balanced_exit_static,0,-0.4310344827586128,0.0,5.745535714285714,2.0109375,0.0
balanced_exit_static,1,-0.44482758620689444,0.0,5.741071428571429,2.009375,0.0
