{
  "wall_times_s": [
    0.5333269370021299,
    0.5250453570042737,
    0.5199628790142015
  ],
  "median_s": 0.5250453570042737
}
