active_guide_count,angular_uniformity_error,assignment_status,assignment_switch_count,assignment_valid,boundary_confidence_status,boundary_v2_method,boundary_v2_status,boundary_valid,config,coverage_ratio,deployment_valid,environment,episode_control_steps,episode_converged,episode_final_tracking_rmse,episode_status,evaluation_boundary_source,evaluation_status,execution_success,failure_reason,guide_crowd_safety_violation_count,heterogeneity,initial_endpoint_coverage_ratio,initial_endpoint_max_euclidean_boundary_distance,max_boundary_gap,max_euclidean_boundary_distance,method_status,metrics_position_source,minimum_guide_crowd_distance,minimum_guide_guide_distance,minimum_guide_wall_distance,minimum_inter_guider_distance,periodic_max_arc_gap,periodic_plan_status,plan_valid,radial_deployment_error,reserve_guide_count,resource_status,resource_unmet_target_count,resource_valid,safety_filter_status,safety_infeasible_steps,safety_max_residual_after,safety_projected_steps,sampled_safety_valid,scientific_success,seed,shape,truth_component_count
0,0.027777777777778845,ASSIGNMENT_SKIPPED_PLAN_INVALID,0,False,not_available,alpha_shape,BOUNDARY_INVALID,False,square_circle.yaml,1.0,False,square,0,False,not_available,BOUNDARY_INVALID,analytic_truth_safety_offset,valid,False,BOUNDARY_INVALID,0,True,1.0,1.240475175534368,1.240475175534368,1.240475175534368,diagnostic_only,endpoint_baseline_no_episode,not_available,not_available,not_available,1.7313799577765896,not_available,PLAN_SKIPPED_BOUNDARY_INVALID,False,0.4450001620869246,0,RESOURCE_SKIPPED_BOUNDARY_INVALID,0,False,not_available,0,not_available,0,False,False,4,circle,1
0,0.08333333333333405,ASSIGNMENT_SKIPPED_PLAN_INVALID,0,False,not_available,alpha_shape,BOUNDARY_INVALID,False,square_circle.yaml,1.0,False,square,0,False,not_available,BOUNDARY_INVALID,analytic_truth_safety_offset,valid,False,BOUNDARY_INVALID,0,True,1.0,1.1900942189255475,1.1900942189255475,1.1900942189255475,diagnostic_only,endpoint_baseline_no_episode,not_available,not_available,not_available,1.5424822938674518,not_available,PLAN_SKIPPED_BOUNDARY_INVALID,False,0.5100581418633182,0,RESOURCE_SKIPPED_BOUNDARY_INVALID,0,False,not_available,0,not_available,0,False,False,1,circle,1
0,0.055555555555555705,ASSIGNMENT_SKIPPED_PLAN_INVALID,0,False,not_available,alpha_shape,BOUNDARY_INVALID,False,square_ellipse.yaml,0.9638888888888889,False,square,0,False,not_available,BOUNDARY_INVALID,analytic_truth_safety_offset,valid,False,BOUNDARY_INVALID,0,True,0.9638888888888889,1.5484249821571165,1.5484249821571165,1.5484249821571165,diagnostic_only,endpoint_baseline_no_episode,not_available,not_available,not_available,1.4654771753772116,not_available,PLAN_SKIPPED_BOUNDARY_INVALID,False,0.66078324972608,0,RESOURCE_SKIPPED_BOUNDARY_INVALID,0,False,not_available,0,not_available,0,False,False,0,ellipse,1
10,0.26515204397547043,VALID,0,True,bootstrap_estimated_pr6,alpha_shape,VALID,True,square_circle.yaml,1.0,True,square,36,True,0.004401972633928155,CONVERGED,analytic_truth_safety_offset,valid,True,none,0,True,1.0,1.1897124405056112,1.2155788816963322,1.2155788816963322,converged_pr5_safety_filtered_episode,episode_final_frame,0.8500000011619279,0.8653522395904069,6.231194026828252,0.8653522395904069,2.319909114252628,VALID,True,0.4405246911459873,2,VALID,0,True,ENABLED_PR5,0,1.1102230246251565e-16,36,True,True,0,circle,1
10,0.27079245469139723,VALID,0,True,bootstrap_estimated_pr6,alpha_shape,VALID,True,square_circle.yaml,1.0,True,square,35,True,0.005809756524236142,CONVERGED,analytic_truth_safety_offset,valid,True,none,0,True,1.0,1.2044273288778857,1.2073370031282935,1.2073370031282935,converged_pr5_safety_filtered_episode,episode_final_frame,0.8500000046354084,0.9843214689573538,6.189892981511623,0.9843214689573538,2.335455751488862,VALID,True,0.42313226227972717,2,VALID,0,True,ENABLED_PR5,0,1.1102230246251565e-16,35,True,True,2,circle,1
10,0.2709262138088916,VALID,0,True,bootstrap_estimated_pr6,alpha_shape,VALID,True,square_circle.yaml,0.9986111111111111,True,square,35,True,0.002395126355006965,CONVERGED,analytic_truth_safety_offset,valid,True,none,0,True,0.9916666666666667,1.3238507271980562,1.2503721255560145,1.2503721255560145,converged_pr5_safety_filtered_episode,episode_final_frame,0.8500000081584111,1.0198494600919672,6.22859822855766,1.0198494600919672,2.314839550243317,VALID,True,0.46564471243292765,2,VALID,0,True,ENABLED_PR5,0,5.551115123125783e-17,35,True,True,3,circle,1
10,0.22525453498552006,VALID,0,True,bootstrap_estimated_pr6,alpha_shape,VALID,True,square_ellipse.yaml,0.9847222222222223,True,square,41,True,0.003320281742653131,CONVERGED,analytic_truth_safety_offset,valid,True,none,0,True,0.9666666666666667,1.447088911439795,1.3214323036966298,1.3214323036966298,converged_pr5_safety_filtered_episode,episode_final_frame,0.8500000317529525,1.1343557180118495,4.950248626550955,1.1343557180118495,2.481381413644126,VALID,True,0.6948354226252688,2,VALID,0,True,ENABLED_PR5,0,8.326672684688674e-17,41,True,True,4,ellipse,1
10,0.1945615817183445,VALID,0,True,bootstrap_estimated_pr6,alpha_shape,VALID,True,square_concave.yaml,0.8958333333333334,True,square,35,True,0.005888322741974099,CONVERGED,analytic_truth_safety_offset,valid,True,none,0,True,0.8805555555555555,2.110413872249852,2.0099230282712903,2.0099230282712903,converged_pr5_safety_filtered_episode,episode_final_frame,0.8500000040465462,1.047246032532938,6.402411364489149,1.047246032532938,2.4169463014259804,VALID,True,0.4874381744776652,2,VALID,0,True,ENABLED_PR5,0,5.551115123125783e-17,35,True,True,1,concave,1
10,0.21909309450570605,VALID,0,True,bootstrap_estimated_pr6,alpha_shape,VALID,True,square_ellipse.yaml,0.9861111111111112,True,square,36,True,0.0021091660683940955,CONVERGED,analytic_truth_safety_offset,valid,True,none,0,True,0.9208333333333333,1.6350234717231864,1.341696735603393,1.341696735603393,converged_pr5_safety_filtered_episode,episode_final_frame,0.8500000631392957,0.8375231579436272,5.013116712051017,0.8375231579436272,2.4737188205965026,VALID,True,0.7984752813612185,2,VALID,0,True,ENABLED_PR5,0,1.1102230246251565e-16,36,True,True,2,ellipse,1
10,0.23004045305340196,VALID,0,True,bootstrap_estimated_pr6,alpha_shape,VALID,True,square_ellipse.yaml,0.9875,True,square,39,True,0.0019035434761010567,CONVERGED,analytic_truth_safety_offset,valid,True,none,0,True,0.9402777777777778,1.585837302377302,1.297241474746427,1.297241474746427,converged_pr5_safety_filtered_episode,episode_final_frame,0.8500000040974974,1.049659731453696,5.079687923494404,1.049659731453696,2.4761974582162054,VALID,True,0.6261366237767304,2,VALID,0,True,ENABLED_PR5,0,1.1102230246251565e-16,39,True,True,1,ellipse,1
11,0.22872379746003244,VALID,0,True,bootstrap_estimated_pr6,alpha_shape,VALID,True,square_ellipse.yaml,1.0,True,square,36,True,0.0031998370227482283,CONVERGED,analytic_truth_safety_offset,valid,True,none,0,True,0.9569444444444445,1.6706988913754561,1.1925630072693887,1.1925630072693887,converged_pr5_safety_filtered_episode,episode_final_frame,0.8500000325824569,0.6600337753015814,5.104825236892683,0.6600337753015814,2.2841971086590362,VALID,True,0.712655323720941,1,VALID,0,True,ENABLED_PR5,0,5.551115123125783e-17,36,True,True,3,ellipse,1
10,0.23904425320548014,VALID,0,True,bootstrap_estimated_pr6,alpha_shape,VALID,True,square_concave.yaml,0.8805555555555555,True,square,37,True,0.0019591144031513488,CONVERGED,analytic_truth_safety_offset,valid,True,none,0,True,0.8791666666666667,1.9904691904856462,2.04698421822237,2.04698421822237,converged_pr5_safety_filtered_episode,episode_final_frame,0.850000006094263,1.1183526855118249,6.403442901850445,1.1183526855118249,2.457480940507942,VALID,True,0.5733889956340168,2,VALID,0,True,ENABLED_PR5,0,5.551115123125783e-17,36,True,True,2,concave,1
11,0.23282203136693386,VALID,0,True,bootstrap_estimated_pr6,alpha_shape,VALID,True,square_concave.yaml,0.9555555555555556,True,square,46,True,0.005017513214516938,CONVERGED,analytic_truth_safety_offset,valid,True,none,0,True,0.8458333333333333,2.611715347984089,1.4140308212928347,1.4140308212928347,converged_pr5_safety_filtered_episode,episode_final_frame,0.8500000010097847,1.0215691571958012,6.358997979461023,1.0215691571958012,2.397009905244218,VALID,True,0.6051207836549195,1,VALID,0,True,ENABLED_PR5,0,1.3877787807814457e-16,46,True,True,3,concave,1
10,0.18771156637566727,VALID,0,True,bootstrap_estimated_pr6,alpha_shape,VALID,True,square_concave.yaml,0.8833333333333333,True,square,39,True,0.007851341747722585,CONVERGED,analytic_truth_safety_offset,valid,True,none,0,True,0.8194444444444444,2.8182322147022463,2.407698287274703,2.407698287274703,converged_pr5_safety_filtered_episode,episode_final_frame,0.850000005649867,1.0666915972052806,6.144716295720844,1.0666915972052806,2.4231193272211513,VALID,True,0.519830205202043,2,VALID,0,True,ENABLED_PR5,0,8.326672684688674e-17,39,True,True,0,concave,1
11,0.10907952516105503,VALID,0,True,bootstrap_estimated_pr6,alpha_shape,VALID,True,square_concave.yaml,0.9083333333333333,True,square,36,True,0.010226670914164454,CONVERGED,analytic_truth_safety_offset,valid,True,none,0,True,0.8472222222222222,2.631168033628431,1.7636911162416065,1.7636911162416065,converged_pr5_safety_filtered_episode,episode_final_frame,0.8500000013552842,1.025796828800689,6.378827548452273,1.025796828800689,2.2792420946784766,VALID,True,0.6191998529029701,1,VALID,0,True,ENABLED_PR5,0,5.551115123125783e-17,36,True,True,4,concave,1
0,0.08333333333333393,ASSIGNMENT_SKIPPED_PLAN_INVALID,0,False,not_available,alpha_shape,BOUNDARY_INVALID,False,rectangle_circle.yaml,1.0,False,rectangle,0,False,not_available,BOUNDARY_INVALID,analytic_truth_safety_offset,valid,False,BOUNDARY_INVALID,0,True,1.0,1.1900942189255537,1.1900942189255537,1.1900942189255537,diagnostic_only,endpoint_baseline_no_episode,not_available,not_available,not_available,1.5424822938674505,not_available,PLAN_SKIPPED_BOUNDARY_INVALID,False,0.5100581418633178,0,RESOURCE_SKIPPED_BOUNDARY_INVALID,0,False,not_available,0,not_available,0,False,False,1,circle,1
11,0.16393740254675687,VALID,0,True,bootstrap_estimated_pr6,alpha_shape,VALID,True,square_irregular.yaml,0.9916666666666667,True,square,37,True,0.0025917631212149512,CONVERGED,analytic_truth_safety_offset,valid,True,none,0,True,0.9513888888888888,1.5405275282411164,1.290445663261024,1.290445663261024,converged_pr5_safety_filtered_episode,episode_final_frame,0.8500000034067766,1.1380219979748258,5.644599914425262,1.1380219979748258,2.334160384788337,VALID,True,0.5682650557572281,1,VALID,0,True,ENABLED_PR5,0,1.1102230246251565e-16,37,True,True,0,irregular,1
11,0.15847555655722756,VALID,0,True,bootstrap_estimated_pr6,alpha_shape,VALID,True,square_irregular.yaml,0.9902777777777778,True,square,36,True,0.002309735442591356,CONVERGED,analytic_truth_safety_offset,valid,True,none,0,True,0.9805555555555555,1.3700339772263408,1.3163880207061276,1.3163880207061276,converged_pr5_safety_filtered_episode,episode_final_frame,0.8500000024611616,1.0791021547629858,5.678325915215849,1.0791021547629858,2.319771334864612,VALID,True,0.40068722433890985,1,VALID,0,True,ENABLED_PR5,0,1.1102230246251565e-16,36,True,True,1,irregular,1
11,0.1971439829317132,VALID,0,True,bootstrap_estimated_pr6,alpha_shape,VALID,True,square_irregular.yaml,0.9916666666666667,True,square,36,True,0.005540719466339608,CONVERGED,analytic_truth_safety_offset,valid,True,none,0,True,0.9194444444444444,1.517502503521455,1.282132250519798,1.282132250519798,converged_pr5_safety_filtered_episode,episode_final_frame,0.850000001522176,1.1884815524563868,5.615825378765858,1.1884815524563868,2.3480672658829302,VALID,True,0.6520489060098562,1,VALID,0,True,ENABLED_PR5,0,1.1102230246251565e-16,36,True,True,2,irregular,1
10,0.2651520439754693,VALID,0,True,bootstrap_estimated_pr6,alpha_shape,VALID,True,rectangle_circle.yaml,1.0,True,rectangle,36,True,0.00440197263392749,CONVERGED,analytic_truth_safety_offset,valid,True,none,0,True,1.0,1.1897124405056119,1.2155788816963453,1.2155788816963453,converged_pr5_safety_filtered_episode,episode_final_frame,0.850000001161928,0.8653522395904143,4.231194026828252,0.8653522395904143,2.319909114252628,VALID,True,0.44052469114598497,2,VALID,0,True,ENABLED_PR5,0,5.551115123125783e-17,36,True,True,0,circle,1
0,0.027777777777778314,ASSIGNMENT_SKIPPED_PLAN_INVALID,0,False,not_available,alpha_shape,BOUNDARY_INVALID,False,rectangle_circle.yaml,1.0,False,rectangle,0,False,not_available,BOUNDARY_INVALID,analytic_truth_safety_offset,valid,False,BOUNDARY_INVALID,0,True,1.0,1.2404751755343695,1.2404751755343695,1.2404751755343695,diagnostic_only,endpoint_baseline_no_episode,not_available,not_available,not_available,1.7313799577765903,not_available,PLAN_SKIPPED_BOUNDARY_INVALID,False,0.44500016208692506,0,RESOURCE_SKIPPED_BOUNDARY_INVALID,0,False,not_available,0,not_available,0,False,False,4,circle,1
0,0.055555555555556024,ASSIGNMENT_SKIPPED_PLAN_INVALID,0,False,not_available,alpha_shape,BOUNDARY_INVALID,False,rectangle_ellipse.yaml,0.9638888888888889,False,rectangle,0,False,not_available,BOUNDARY_INVALID,analytic_truth_safety_offset,valid,False,BOUNDARY_INVALID,0,True,0.9638888888888889,1.5484249821571174,1.5484249821571174,1.5484249821571174,diagnostic_only,endpoint_baseline_no_episode,not_available,not_available,not_available,1.4654771753772116,not_available,PLAN_SKIPPED_BOUNDARY_INVALID,False,0.6607832497260803,0,RESOURCE_SKIPPED_BOUNDARY_INVALID,0,False,not_available,0,not_available,0,False,False,0,ellipse,1
11,0.175417211434207,VALID,0,True,bootstrap_estimated_pr6,alpha_shape,VALID,True,square_irregular.yaml,0.9916666666666667,True,square,37,True,0.003937424904728417,CONVERGED,analytic_truth_safety_offset,valid,True,none,0,True,0.9805555555555555,1.3392885055887729,1.2955050735154447,1.2955050735154447,converged_pr5_safety_filtered_episode,episode_final_frame,0.8500000032330968,1.095117601758059,5.6675096355693375,1.095117601758059,2.3989617262624563,VALID,True,0.5857581302719385,1,VALID,0,True,ENABLED_PR5,0,1.1102230246251565e-16,37,True,True,4,irregular,1
10,0.2707924546913967,VALID,0,True,bootstrap_estimated_pr6,alpha_shape,VALID,True,rectangle_circle.yaml,1.0,True,rectangle,35,True,0.0058097565242361945,CONVERGED,analytic_truth_safety_offset,valid,True,none,0,True,1.0,1.204427328877884,1.207337003128289,1.207337003128289,converged_pr5_safety_filtered_episode,episode_final_frame,0.8500000046354087,0.98432146895738,4.254345439307839,0.98432146895738,2.335455751488862,VALID,True,0.4231322622797263,2,VALID,0,True,ENABLED_PR5,0,4.163336342344337e-17,35,True,True,2,circle,1
10,0.2709262138088916,VALID,0,True,bootstrap_estimated_pr6,alpha_shape,VALID,True,rectangle_circle.yaml,0.9986111111111111,True,rectangle,35,True,0.002395126355007015,CONVERGED,analytic_truth_safety_offset,valid,True,none,0,True,0.9916666666666667,1.3238507271980524,1.2503721255560076,1.2503721255560076,converged_pr5_safety_filtered_episode,episode_final_frame,0.8500000081584099,1.0198494600919583,4.35713021971687,1.0198494600919583,2.314839550243317,VALID,True,0.46564471243292727,2,VALID,0,True,ENABLED_PR5,0,5.551115123125783e-17,35,True,True,3,circle,1
10,0.23004045305340182,VALID,0,True,bootstrap_estimated_pr6,alpha_shape,VALID,True,rectangle_ellipse.yaml,0.9875,True,rectangle,39,True,0.0019035434761005899,CONVERGED,analytic_truth_safety_offset,valid,True,none,0,True,0.9402777777777778,1.5858373023773085,1.297241474746426,1.297241474746426,converged_pr5_safety_filtered_episode,episode_final_frame,0.8500000040974975,1.0496597314536915,4.784451962748834,1.0496597314536915,2.4761974582162054,VALID,True,0.6261366237767302,2,VALID,0,True,ENABLED_PR5,0,5.551115123125783e-17,39,True,True,1,ellipse,1
10,0.21909309450570563,VALID,0,True,bootstrap_estimated_pr6,alpha_shape,VALID,True,rectangle_ellipse.yaml,0.9861111111111112,True,rectangle,36,True,0.002109166068394464,CONVERGED,analytic_truth_safety_offset,valid,True,none,0,True,0.9208333333333333,1.6350234717231935,1.3416967356033804,1.3416967356033804,converged_pr5_safety_filtered_episode,episode_final_frame,0.850000063139295,0.8375231579436235,3.5344998224573914,0.8375231579436235,2.4737188205965026,VALID,True,0.7984752813612195,2,VALID,0,True,ENABLED_PR5,0,2.7755575615628914e-17,36,True,True,2,ellipse,1
11,0.22872379746003385,VALID,0,True,bootstrap_estimated_pr6,alpha_shape,VALID,True,rectangle_ellipse.yaml,1.0,True,rectangle,36,True,0.003199837022748191,CONVERGED,analytic_truth_safety_offset,valid,True,none,0,True,0.9569444444444445,1.670698891375467,1.1925630072693956,1.1925630072693956,converged_pr5_safety_filtered_episode,episode_final_frame,0.8500000325824557,0.660033775301564,4.9348754181022105,0.660033775301564,2.2841971086590362,VALID,True,0.7126553237209402,1,VALID,0,True,ENABLED_PR5,0,6.938893903907228e-17,36,True,True,3,ellipse,1
10,0.2252545349855195,VALID,0,True,bootstrap_estimated_pr6,alpha_shape,VALID,True,rectangle_ellipse.yaml,0.9847222222222223,True,rectangle,41,True,0.0033202817426534158,CONVERGED,analytic_truth_safety_offset,valid,True,none,0,True,0.9666666666666667,1.4470889114397922,1.321432303696628,1.321432303696628,converged_pr5_safety_filtered_episode,episode_final_frame,0.850000031752953,1.1343557180118602,5.104123795363167,1.1343557180118602,2.481381413644126,VALID,True,0.694835422625272,2,VALID,0,True,ENABLED_PR5,0,8.326672684688674e-17,41,True,True,4,ellipse,1
10,0.29619714284347876,VALID,0,True,bootstrap_estimated_pr6,alpha_shape,VALID,True,rectangle_concave.yaml,0.8819444444444444,True,rectangle,36,True,0.0017235469829671446,CONVERGED,analytic_truth_safety_offset,valid,True,none,0,True,0.8791666666666667,1.9904691904856493,2.0762107734621993,2.0762107734621993,converged_pr5_safety_filtered_episode,episode_final_frame,0.8500000233946573,1.1311583386712953,4.908357775893791,1.1311583386712953,2.457480940507942,VALID,True,0.6213270857331863,2,VALID,0,True,ENABLED_PR5,0,2.7755575615628914e-17,35,True,True,2,concave,1
10,0.19456158171834392,VALID,0,True,bootstrap_estimated_pr6,alpha_shape,VALID,True,rectangle_concave.yaml,0.8958333333333334,True,rectangle,35,True,0.005888322741974387,CONVERGED,analytic_truth_safety_offset,valid,True,none,0,True,0.8805555555555555,2.1104138722498536,2.009923028271291,2.009923028271291,converged_pr5_safety_filtered_episode,episode_final_frame,0.8500000040465465,1.0472460325329342,4.6880364971942345,1.0472460325329342,2.4169463014259804,VALID,True,0.4874381744776657,2,VALID,0,True,ENABLED_PR5,0,5.551115123125783e-17,35,True,True,1,concave,1
10,0.18771156637566952,VALID,0,True,bootstrap_estimated_pr6,alpha_shape,VALID,True,rectangle_concave.yaml,0.8833333333333333,True,rectangle,39,True,0.007851341747721625,CONVERGED,analytic_truth_safety_offset,valid,True,none,0,True,0.8194444444444444,2.8182322147022494,2.407698287274685,2.407698287274685,converged_pr5_safety_filtered_episode,episode_final_frame,0.8500000056498661,1.0666915972052682,4.144716295720842,1.0666915972052682,2.423119327221144,VALID,True,0.5198302052020415,2,VALID,0,True,ENABLED_PR5,0,1.3877787807814457e-16,39,True,True,0,concave,1
11,0.1090795251610556,VALID,0,True,bootstrap_estimated_pr6,alpha_shape,VALID,True,rectangle_concave.yaml,0.9083333333333333,True,rectangle,36,True,0.01022667091416382,CONVERGED,analytic_truth_safety_offset,valid,True,none,0,True,0.8472222222222222,2.6311680336284295,1.7636911162416145,1.7636911162416145,converged_pr5_safety_filtered_episode,episode_final_frame,0.8500000013552843,1.0257968288006978,4.378827548452277,1.0257968288006978,2.2792420946784766,VALID,True,0.6191998529029722,1,VALID,0,True,ENABLED_PR5,0,2.7755575615628914e-17,36,True,True,4,concave,1
10,0.2576272843989433,VALID,0,True,bootstrap_estimated_pr6,alpha_shape,VALID,True,square_irregular.yaml,0.9291666666666667,True,square,400,False,0.15176062183878444,TIMEOUT,analytic_truth_safety_offset,valid,True,TIMEOUT,0,True,0.9805555555555555,1.431071944664488,1.602776259288129,1.602776259288129,diagnostic_only,episode_final_frame,0.8500000009999988,1.1160337283840343,5.5580069032297885,1.1160337283840345,2.4774325627824183,VALID,True,0.6140161407327088,2,VALID,0,True,ENABLED_PR5,0,1.3118846287074604e-16,400,True,False,3,irregular,1
11,0.23282203136693302,VALID,0,True,bootstrap_estimated_pr6,alpha_shape,VALID,True,rectangle_concave.yaml,0.9555555555555556,True,rectangle,46,True,0.005017513214517388,CONVERGED,analytic_truth_safety_offset,valid,True,none,0,True,0.8458333333333333,2.61171534798409,1.414030821292837,1.414030821292837,converged_pr5_safety_filtered_episode,episode_final_frame,0.8500000010097843,1.0215691571958012,4.358997979461023,1.0215691571958012,2.397009905244218,VALID,True,0.6051207836549195,1,VALID,0,True,ENABLED_PR5,0,8.326672684688674e-17,46,True,True,3,concave,1
11,0.15847555655722811,VALID,0,True,bootstrap_estimated_pr6,alpha_shape,VALID,True,rectangle_irregular.yaml,0.9902777777777778,True,rectangle,36,True,0.0023097354425910565,CONVERGED,analytic_truth_safety_offset,valid,True,none,0,True,0.9805555555555555,1.3700339772263552,1.3163880207061003,1.3163880207061003,converged_pr5_safety_filtered_episode,episode_final_frame,0.8500000024611613,1.079102154762993,3.9393901575472925,1.079102154762993,2.319771334864612,VALID,True,0.4006872243389112,1,VALID,0,True,ENABLED_PR5,0,1.1102230246251565e-16,36,True,True,1,irregular,1
11,0.163937402546759,VALID,0,True,bootstrap_estimated_pr6,alpha_shape,VALID,True,rectangle_irregular.yaml,0.9916666666666667,True,rectangle,37,True,0.00259176312121505,CONVERGED,analytic_truth_safety_offset,valid,True,none,0,True,0.9513888888888888,1.5405275282411002,1.2904456632610442,1.2904456632610442,converged_pr5_safety_filtered_episode,episode_final_frame,0.8500000034067758,1.1380219979748285,3.78904637909539,1.1380219979748285,2.334160384788337,VALID,True,0.5682650557572276,1,VALID,0,True,ENABLED_PR5,0,1.1102230246251565e-16,37,True,True,0,irregular,1
11,0.19714398293171478,VALID,0,True,bootstrap_estimated_pr6,alpha_shape,VALID,True,rectangle_irregular.yaml,0.9916666666666667,True,rectangle,36,True,0.005540719466338365,CONVERGED,analytic_truth_safety_offset,valid,True,none,0,True,0.9194444444444444,1.5175025035214695,1.2821322505197807,1.2821322505197807,converged_pr5_safety_filtered_episode,episode_final_frame,0.8500000015221767,1.1884815524563839,3.615825378765863,1.1884815524563839,2.348067265882932,VALID,True,0.6520489060098572,1,VALID,0,True,ENABLED_PR5,0,1.1102230246251565e-16,36,True,True,2,irregular,1
11,0.17541721143420672,VALID,0,True,bootstrap_estimated_pr6,alpha_shape,VALID,True,rectangle_irregular.yaml,0.9916666666666667,True,rectangle,37,True,0.003937424904728042,CONVERGED,analytic_truth_safety_offset,valid,True,none,0,True,0.9805555555555555,1.3392885055887953,1.2955050735154654,1.2955050735154654,converged_pr5_safety_filtered_episode,episode_final_frame,0.8500000032330959,1.0951176017580526,3.667509635569338,1.0951176017580526,2.3989617262624563,VALID,True,0.5857581302719362,1,VALID,0,True,ENABLED_PR5,0,5.551115123125783e-17,37,True,True,4,irregular,1
10,0.2576272843989427,VALID,0,True,bootstrap_estimated_pr6,alpha_shape,VALID,True,rectangle_irregular.yaml,0.9291666666666667,True,rectangle,400,False,0.1517606218387846,TIMEOUT,analytic_truth_safety_offset,valid,True,TIMEOUT,0,True,0.9805555555555555,1.4310719446644624,1.6027762592881376,1.6027762592881376,diagnostic_only,episode_final_frame,0.8500000009999983,1.116033728384069,3.5580069032297885,1.116033728384069,2.4774325627824183,VALID,True,0.61401614073271,2,VALID,0,True,ENABLED_PR5,0,1.942890293094024e-16,400,True,False,3,irregular,1
10,0.2719426236476316,VALID,0,True,bootstrap_estimated_pr6,alpha_shape,VALID,True,square_circle.yaml,1.0,True,square,108,True,0.0049705629291665054,CONVERGED,analytic_truth_safety_offset,valid,True,none,0,True,1.0,1.1808191140100603,1.2291626995077345,1.2291626995077345,converged_pr5_safety_filtered_episode,episode_final_frame,0.8500000009999996,1.599726417203692,0.8741417305897266,2.1687974592394355,2.30876728956202,VALID,True,1.7878736865883569,2,VALID,0,True,ENABLED_PR5,0,2.290377089375628e-18,62,True,True,105,circle,1
10,0.2602189279714543,VALID,0,True,bootstrap_estimated_pr6,alpha_shape,VALID,True,square_circle.yaml,0.9986111111111111,True,square,98,True,0.0030471069714472433,CONVERGED,analytic_truth_safety_offset,valid,True,none,0,True,1.0,1.179528438579119,1.2514121549024066,1.2514121549024066,converged_pr5_safety_filtered_episode,episode_final_frame,0.8500000010236297,0.8282217850969864,0.28124818304710075,2.194658307669139,2.3102141584004876,VALID,True,1.609325030117919,2,VALID,0,True,ENABLED_PR5,0,2.168404344971009e-18,19,True,True,102,circle,1
10,0.3002258564897139,VALID,0,True,bootstrap_estimated_pr6,alpha_shape,VALID,True,square_circle.yaml,0.9986111111111111,True,square,94,True,0.0035286863911023606,CONVERGED,analytic_truth_safety_offset,valid,True,none,0,True,1.0,1.1671995751814097,1.2564310423133118,1.2564310423133118,converged_pr5_safety_filtered_episode,episode_final_frame,0.8500000010000115,1.8527196473436427,0.3804322822451027,1.8631683205267906,2.2779432432854936,VALID,True,1.9254707813074987,2,VALID,0,True,ENABLED_PR5,0,2.681706311007115e-18,58,True,True,101,circle,1
10,0.28187860886338273,VALID,0,True,bootstrap_estimated_pr6,alpha_shape,VALID,True,square_circle.yaml,1.0,True,square,94,True,0.004449439035227156,CONVERGED,analytic_truth_safety_offset,valid,True,none,0,True,1.0,1.1666385847525846,1.2341443314278033,1.2341443314278033,converged_pr5_safety_filtered_episode,episode_final_frame,0.8500000011643283,0.9119451811642105,0.29389199599721777,2.2103437727982382,2.3450668701069546,VALID,True,1.8247528662335812,2,VALID,0,True,ENABLED_PR5,0,1.6653345369377348e-16,88,True,True,100,circle,1
10,0.2809046618746539,VALID,0,True,bootstrap_estimated_pr6,alpha_shape,VALID,True,square_circle.yaml,0.9986111111111111,True,square,91,True,0.002862748339513091,CONVERGED,analytic_truth_safety_offset,valid,True,none,0,True,1.0,1.1677697157920373,1.2662656418418639,1.2662656418418639,converged_pr5_safety_filtered_episode,episode_final_frame,0.8500000010000268,0.8201283748432605,0.6510528283766668,2.130524834222313,2.3474424314861935,VALID,True,1.753876932470171,2,VALID,0,True,ENABLED_PR5,0,2.7755575615628914e-17,40,True,True,103,circle,1
10,0.2995131837548987,VALID,0,True,bootstrap_estimated_pr6,alpha_shape,VALID,True,square_circle.yaml,0.9972222222222222,True,square,119,True,0.005465147931268018,CONVERGED,analytic_truth_safety_offset,valid,True,none,0,True,1.0,1.1014298392999007,1.2772516623272618,1.2772516623272618,converged_pr5_safety_filtered_episode,episode_final_frame,0.8500000010000018,0.849113815496044,0.3704334813888568,1.3767146532199541,2.2856457435811777,VALID,True,2.114455258738189,2,VALID,0,True,ENABLED_PR5,0,1.5959455978986625e-16,103,True,True,109,circle,1
10,0.2999597912106417,VALID,0,True,bootstrap_estimated_pr6,alpha_shape,VALID,True,square_circle.yaml,0.9944444444444445,True,square,104,True,0.0013514488350073453,CONVERGED,analytic_truth_safety_offset,valid,True,none,0,True,1.0,1.2175093661289997,1.3036101064059111,1.3036101064059111,converged_pr5_safety_filtered_episode,episode_final_frame,0.8500000010000007,0.8745858051116796,0.5404508768245289,0.8745858051116796,2.285914428886535,VALID,True,1.5185170338561436,2,VALID,0,True,ENABLED_PR5,0,4.845028458294598e-19,55,True,True,106,circle,1
10,0.27915557126000784,VALID,0,True,bootstrap_estimated_pr6,alpha_shape,VALID,True,square_circle.yaml,1.0,True,square,115,True,0.0014906656016279894,CONVERGED,analytic_truth_safety_offset,valid,True,none,0,True,1.0,1.1856769299775796,1.2142406839798003,1.2142406839798003,converged_pr5_safety_filtered_episode,episode_final_frame,0.8500000009999998,0.6000075286149339,0.7763871741058663,2.187033546969529,2.3268968110336115,VALID,True,1.475562956181242,2,VALID,0,True,ENABLED_PR5,0,9.598062900018078e-10,106,True,True,104,circle,1
10,0.2675544450467729,VALID,0,True,bootstrap_estimated_pr6,alpha_shape,VALID,True,square_circle.yaml,0.9972222222222222,True,square,93,True,0.002317504452897982,CONVERGED,analytic_truth_safety_offset,valid,True,none,0,True,1.0,1.224096252453501,1.2626708354768619,1.2626708354768619,converged_pr5_safety_filtered_episode,episode_final_frame,0.8500000010000026,0.8702030021093042,0.4554619787632781,2.096610963248869,2.316143508059472,VALID,True,1.824195644033604,2,VALID,0,True,ENABLED_PR5,0,1.1102230246251565e-16,67,True,True,107,circle,1
10,0.30346406408813714,VALID,0,True,bootstrap_estimated_pr6,alpha_shape,VALID,True,square_circle.yaml,0.9958333333333333,True,square,89,True,0.0041528786317616894,CONVERGED,analytic_truth_safety_offset,valid,True,none,0,True,1.0,1.1334963804392026,1.2884469510327412,1.2884469510327412,converged_pr5_safety_filtered_episode,episode_final_frame,0.8500000010000011,0.7884511618637694,0.2889143543357882,1.0332461607397039,2.303280108309412,VALID,True,1.579026088671845,2,VALID,0,True,ENABLED_PR5,0,3.4423418976414766e-18,56,True,True,108,circle,1
10,0.29942968536340525,VALID,0,True,bootstrap_estimated_pr6,alpha_shape,VALID,True,square_circle.yaml,0.9986111111111111,True,square,94,True,0.001690282802977426,CONVERGED,analytic_truth_safety_offset,valid,True,none,0,True,1.0,1.1979578878151178,1.2537640636653615,1.2537640636653615,converged_pr5_safety_filtered_episode,episode_final_frame,0.8500000015198723,1.4292116726599962,1.034082306498739,2.1743535787621857,2.3405004651266026,VALID,True,1.5971901378438955,2,VALID,0,True,ENABLED_PR5,0,5.149960319306146e-19,15,True,True,110,circle,1
10,0.2522619474775701,VALID,0,True,bootstrap_estimated_pr6,alpha_shape,VALID,True,square_circle.yaml,0.9944444444444445,True,square,97,True,0.0013467771967773732,CONVERGED,analytic_truth_safety_offset,valid,True,none,0,True,1.0,1.1940220969319189,1.2978413569461962,1.2978413569461962,converged_pr5_safety_filtered_episode,episode_final_frame,0.8500103790898778,0.6184216582035251,0.9490084131153012,2.1241394900684734,2.284604432469372,VALID,True,1.5394712729644866,2,VALID,0,True,ENABLED_PR5,0,0.0,0,True,True,112,circle,1
10,0.28561603898601673,VALID,0,True,bootstrap_estimated_pr6,alpha_shape,VALID,True,square_circle.yaml,0.9986111111111111,True,square,105,True,0.0011294767942948564,CONVERGED,analytic_truth_safety_offset,valid,True,none,0,True,1.0,1.1585349669039924,1.2505915414875624,1.2505915414875624,converged_pr5_safety_filtered_episode,episode_final_frame,0.850092641244713,0.7681876851053531,0.38706066586741983,2.1828378538803195,2.3409000764275625,VALID,True,1.9910945899193793,2,VALID,0,True,ENABLED_PR5,0,0.0,0,True,True,111,circle,1
10,0.2683930716333232,VALID,0,True,bootstrap_estimated_pr6,alpha_shape,VALID,True,square_circle.yaml,1.0,True,square,82,True,0.002938104345486242,CONVERGED,analytic_truth_safety_offset,valid,True,none,0,True,1.0,1.173663994197329,1.212231148178783,1.212231148178783,converged_pr5_safety_filtered_episode,episode_final_frame,0.8500000010000239,1.50140679220154,0.25880497726980267,2.224577160892562,2.331972449233959,VALID,True,1.5369590977539989,2,VALID,0,True,ENABLED_PR5,0,2.185345003916095e-18,49,True,True,113,circle,1
0,0.5395110311686151,ASSIGNMENT_SKIPPED_PLAN_INVALID,0,False,not_available,alpha_shape,BOUNDARY_INVALID,False,square_circle.yaml,0.02638888888888889,False,square,0,False,not_available,BOUNDARY_INVALID,analytic_truth_safety_offset,valid,False,BOUNDARY_INVALID,0,True,1.0,1.2336792263333933,4.628926571647689,4.628926571647689,diagnostic_only,endpoint_baseline_no_episode,not_available,not_available,not_available,2.147557593995518,not_available,PLAN_SKIPPED_BOUNDARY_INVALID,False,4.159717010724842,0,RESOURCE_SKIPPED_BOUNDARY_INVALID,0,False,not_available,0,not_available,0,False,False,116,circle,1
10,0.27527534037998347,VALID,0,True,bootstrap_estimated_pr6,alpha_shape,VALID,True,square_circle.yaml,1.0,True,square,93,True,0.003765127437083799,CONVERGED,analytic_truth_safety_offset,valid,True,none,0,True,1.0,1.1996892903131877,1.243945181187904,1.243945181187904,converged_pr5_safety_filtered_episode,episode_final_frame,0.8500000010000269,1.2090663070522207,0.8647865623307602,2.2108743951115466,2.3232280852628797,VALID,True,1.3933238443166165,2,VALID,0,True,ENABLED_PR5,0,5.551115123125783e-17,78,True,True,117,circle,1
0,0.6252637636021092,ASSIGNMENT_SKIPPED_PLAN_INVALID,0,False,not_available,alpha_shape,BOUNDARY_INVALID,False,square_ellipse.yaml,0.11527777777777778,False,square,0,False,not_available,BOUNDARY_INVALID,analytic_truth_safety_offset,valid,False,BOUNDARY_INVALID,0,True,0.9458333333333333,1.5761925445555547,5.973295947505196,5.973295947505196,diagnostic_only,endpoint_baseline_no_episode,not_available,not_available,not_available,1.6615446167631935,not_available,PLAN_SKIPPED_BOUNDARY_INVALID,False,5.2504796341488245,0,RESOURCE_SKIPPED_BOUNDARY_INVALID,0,False,not_available,0,not_available,0,False,False,105,ellipse,1
10,0.4331004533560311,VALID,0,True,bootstrap_estimated_pr6,alpha_shape,VALID,True,square_circle.yaml,0.9083333333333333,True,square,400,False,1.9875848937661962,TIMEOUT,analytic_truth_safety_offset,valid,True,TIMEOUT,0,True,1.0,1.1748104500392769,2.2892411856322106,2.2892411856322106,diagnostic_only,episode_final_frame,0.850000000999999,0.8331220421568001,0.5318264932835923,0.8331220421568001,2.321285390544613,VALID,True,1.9699775216247568,2,VALID,0,True,ENABLED_PR5,0,2.3920688994673923e-16,398,True,False,114,circle,1
0,0.6035404807281134,ASSIGNMENT_SKIPPED_PLAN_INVALID,0,False,not_available,alpha_shape,BOUNDARY_INVALID,False,square_ellipse.yaml,0.18611111111111112,False,square,0,False,not_available,BOUNDARY_INVALID,analytic_truth_safety_offset,valid,False,BOUNDARY_INVALID,0,True,0.9638888888888889,1.4754078237707011,5.6796674556867774,5.6796674556867774,diagnostic_only,endpoint_baseline_no_episode,not_available,not_available,not_available,1.1201183941447788,not_available,PLAN_SKIPPED_BOUNDARY_INVALID,False,3.466158986378827,0,RESOURCE_SKIPPED_BOUNDARY_INVALID,0,False,not_available,0,not_available,0,False,False,104,ellipse,1
10,0.32868626815302204,VALID,0,True,bootstrap_estimated_pr6,alpha_shape,VALID,True,square_circle.yaml,0.9944444444444445,True,square,99,True,0.007458847074273709,CONVERGED,analytic_truth_safety_offset,valid,True,none,0,True,1.0,1.17667729924225,1.2967181293904109,1.2967181293904109,converged_pr5_safety_filtered_episode,episode_final_frame,0.8500000009999995,1.4376557985532121,0.5011694025817128,1.9632505119507808,2.3245523688490977,VALID,True,1.6565581096900666,2,VALID,0,True,ENABLED_PR5,0,6.938893903907228e-17,95,True,True,118,circle,1
10,0.2791532053401639,VALID,0,True,bootstrap_estimated_pr6,alpha_shape,VALID,True,square_circle.yaml,1.0,True,square,105,True,0.0032612426478425154,CONVERGED,analytic_truth_safety_offset,valid,True,none,0,True,1.0,1.208471938540826,1.21644963983715,1.21644963983715,converged_pr5_safety_filtered_episode,episode_final_frame,0.850000000999999,0.6360380550098343,0.36449298894956583,2.0970359647833727,2.3342243786933246,VALID,True,2.093030175406381,2,VALID,0,True,ENABLED_PR5,0,5.551115123125783e-17,64,True,True,115,circle,1
11,0.2561103718183053,VALID,0,True,bootstrap_estimated_pr6,alpha_shape,VALID,True,square_ellipse.yaml,1.0,True,square,103,True,0.006762318118261236,CONVERGED,analytic_truth_safety_offset,valid,True,none,0,True,0.9722222222222222,1.3742683129436264,1.219543748571055,1.219543748571055,converged_pr5_safety_filtered_episode,episode_final_frame,0.8500000010000066,1.5040217379515757,0.5752280356138808,2.054259637817413,2.2861361242886105,VALID,True,1.3143021373391484,1,VALID,0,True,ENABLED_PR5,0,1.457167719820518e-16,92,True,True,102,ellipse,1
10,0.25777924764093785,VALID,0,True,bootstrap_estimated_pr6,alpha_shape,VALID,True,square_circle.yaml,1.0,True,square,116,True,0.004341650735705723,CONVERGED,analytic_truth_safety_offset,valid,True,none,0,True,1.0,1.1408231131098003,1.2301274693377775,1.2301274693377775,converged_pr5_safety_filtered_episode,episode_final_frame,0.8500000009999996,1.6545010575694696,1.060123025279296,2.098931115043516,2.355562669156182,VALID,True,1.556151416419598,2,VALID,0,True,ENABLED_PR5,0,3.449118161219511e-18,83,True,True,119,circle,1
10,0.33695997505641495,VALID,0,True,bootstrap_estimated_pr6,alpha_shape,VALID,True,square_ellipse.yaml,0.9791666666666666,True,square,91,True,0.0073289182782686185,CONVERGED,analytic_truth_safety_offset,valid,True,none,0,True,0.9638888888888889,1.3965277776382825,1.3960477761691095,1.3960477761691095,converged_pr5_safety_filtered_episode,episode_final_frame,0.8500000010000006,1.8527196473436427,0.3804322822451027,1.8631683205267906,2.4660275197060546,VALID,True,2.0503877324255435,2,VALID,0,True,ENABLED_PR5,0,6.938893903907228e-18,60,True,True,101,ellipse,1
10,0.23220630484169896,VALID,0,True,bootstrap_estimated_pr6,alpha_shape,VALID,True,square_ellipse.yaml,0.9861111111111112,True,square,92,True,0.0027103503539719904,CONVERGED,analytic_truth_safety_offset,valid,True,none,0,True,0.9638888888888889,1.5483175210720697,1.2878686417213323,1.2878686417213323,converged_pr5_safety_filtered_episode,episode_final_frame,0.8500000010000826,1.3884589541083014,0.6510528283766668,2.2253984243376776,2.484862531462092,VALID,True,1.7044746902135455,2,VALID,0,True,ENABLED_PR5,0,6.938893903907228e-18,69,True,True,103,ellipse,1
11,0.2617278225542143,VALID,0,True,bootstrap_estimated_pr6,alpha_shape,VALID,True,square_ellipse.yaml,1.0,True,square,99,True,0.0027763861530894583,CONVERGED,analytic_truth_safety_offset,valid,True,none,0,True,0.9791666666666666,1.3626247721360465,1.2251380849114673,1.2251380849114673,converged_pr5_safety_filtered_episode,episode_final_frame,0.8500000010000367,0.8702030021093042,0.4554619787632781,1.9647399228806874,2.277804207614217,VALID,True,1.4057079287061391,1,VALID,0,True,ENABLED_PR5,0,1.942890293094024e-16,70,True,True,107,ellipse,1
10,0.3282515552738236,VALID,0,True,bootstrap_estimated_pr6,alpha_shape,VALID,True,square_ellipse.yaml,0.9819444444444444,True,square,95,True,0.004695447640643698,CONVERGED,analytic_truth_safety_offset,valid,True,none,0,True,0.9680555555555556,1.4054586657818333,1.3541051169710903,1.3541051169710903,converged_pr5_safety_filtered_episode,episode_final_frame,0.8500000010000466,0.8745858051116796,0.5404508768245289,2.2864529357998893,2.4705643132284756,VALID,True,1.931953888276252,2,VALID,0,True,ENABLED_PR5,0,5.551115123125783e-17,77,True,True,106,ellipse,1
10,0.30272337487514284,VALID,0,True,bootstrap_estimated_pr6,alpha_shape,VALID,True,square_ellipse.yaml,0.9847222222222223,True,square,91,True,0.00518978588253467,CONVERGED,analytic_truth_safety_offset,valid,True,none,0,True,0.9666666666666667,1.45665255183653,1.288740699831933,1.288740699831933,converged_pr5_safety_filtered_episode,episode_final_frame,0.8500000010369922,0.7884511618637694,0.2889143543357882,1.0332461607397039,2.450692771198863,VALID,True,1.719263976359563,2,VALID,0,True,ENABLED_PR5,0,5.854691731421724e-18,29,True,True,108,ellipse,1
0,0.6484257221896034,ASSIGNMENT_SKIPPED_PLAN_INVALID,0,False,not_available,alpha_shape,BOUNDARY_INVALID,False,square_ellipse.yaml,0.09722222222222222,False,square,0,False,not_available,BOUNDARY_INVALID,analytic_truth_safety_offset,valid,False,BOUNDARY_INVALID,0,True,0.9402777777777778,1.47463779726645,5.480849969620928,5.480849969620928,diagnostic_only,endpoint_baseline_no_episode,not_available,not_available,not_available,1.8180813232173194,not_available,PLAN_SKIPPED_BOUNDARY_INVALID,False,4.896297434406309,0,RESOURCE_SKIPPED_BOUNDARY_INVALID,0,False,not_available,0,not_available,0,False,False,114,ellipse,1
10,0.3578436920301653,VALID,0,True,bootstrap_estimated_pr6,alpha_shape,VALID,True,square_ellipse.yaml,0.9722222222222222,True,square,105,True,0.003309862854757196,CONVERGED,analytic_truth_safety_offset,valid,True,none,0,True,0.9916666666666667,1.2889753366109675,1.388528731894017,1.388528731894017,converged_pr5_safety_filtered_episode,episode_final_frame,0.8500000010000285,1.3767146532199541,0.3704334813888568,1.3767146532199541,2.4277040420867593,VALID,True,2.2733576774737654,2,VALID,0,True,ENABLED_PR5,0,2.168404344971009e-18,44,True,True,109,ellipse,1
11,0.46345180264748825,VALID,0,True,bootstrap_estimated_pr6,alpha_shape,VALID,True,square_ellipse.yaml,0.9180555555555555,True,square,400,False,1.5343832830294795,TIMEOUT,analytic_truth_safety_offset,valid,True,TIMEOUT,0,True,0.9458333333333333,1.6358230391239248,2.251876491061,2.251876491061,diagnostic_only,episode_final_frame,0.8500000009999988,0.6095590659047814,0.29389199599721777,0.6095726714404223,2.2776057460887102,VALID,True,1.4555782948847,1,VALID,0,True,ENABLED_PR5,0,1.6176296413483726e-16,398,True,False,100,ellipse,1
10,0.3283867474702772,VALID,0,True,bootstrap_estimated_pr6,alpha_shape,VALID,True,square_ellipse.yaml,0.9805555555555555,True,square,104,True,0.0035070966708022656,CONVERGED,analytic_truth_safety_offset,valid,True,none,0,True,0.9513888888888888,1.4406745737165672,1.3059802258525939,1.3059802258525939,converged_pr5_safety_filtered_episode,episode_final_frame,0.8500000010000046,1.2926411720660969,1.034082306498739,2.051689706279663,2.4677982343614,VALID,True,1.699012354486589,2,VALID,0,True,ENABLED_PR5,0,3.003578830963749e-18,45,True,True,110,ellipse,1
10,0.29421972463835977,VALID,0,True,bootstrap_estimated_pr6,alpha_shape,VALID,True,square_ellipse.yaml,0.9805555555555555,True,square,76,True,0.003914080923892646,CONVERGED,analytic_truth_safety_offset,valid,True,none,0,True,0.975,1.379132094253326,1.3217524775857075,1.3217524775857075,converged_pr5_safety_filtered_episode,episode_final_frame,0.8500000010190311,2.147557593995518,0.734550270321197,2.237503037049454,2.474317681300221,VALID,True,1.8479971291735897,2,VALID,0,True,ENABLED_PR5,0,2.7376104855258987e-18,41,True,True,116,ellipse,1
0,0.7872456313392023,ASSIGNMENT_SKIPPED_PLAN_INVALID,0,False,not_available,alpha_shape,BOUNDARY_INVALID,False,square_concave.yaml,0.18333333333333332,False,square,0,False,not_available,BOUNDARY_INVALID,analytic_truth_safety_offset,valid,False,BOUNDARY_INVALID,0,True,0.9013888888888889,1.748987413807883,4.52193386988604,4.52193386988604,diagnostic_only,endpoint_baseline_no_episode,not_available,not_available,not_available,1.6832906576147673,not_available,PLAN_SKIPPED_BOUNDARY_INVALID,False,4.550070763786839,0,RESOURCE_SKIPPED_BOUNDARY_INVALID,0,False,not_available,0,not_available,0,False,False,101,concave,1
11,0.284940383050576,VALID,0,True,bootstrap_estimated_pr6,alpha_shape,VALID,True,square_ellipse.yaml,0.9972222222222222,True,square,100,True,0.0030762564325221135,CONVERGED,analytic_truth_safety_offset,valid,True,none,0,True,0.9527777777777777,1.4604196661317836,1.2696155528669268,1.2696155528669268,converged_pr5_safety_filtered_episode,episode_final_frame,0.8500000010050341,0.6184216582035251,0.9490084131153012,1.8533484661834796,2.2799893619992417,VALID,True,1.3873794062065852,1,VALID,0,True,ENABLED_PR5,0,2.8731357570865868e-18,39,True,True,112,ellipse,1
10,0.236652674509052,VALID,0,True,bootstrap_estimated_pr6,alpha_shape,VALID,True,square_ellipse.yaml,0.9861111111111112,True,square,90,True,0.0013339596942345884,CONVERGED,analytic_truth_safety_offset,valid,True,none,0,True,0.9513888888888888,1.4914841861089883,1.2975673773306164,1.2975673773306164,converged_pr5_safety_filtered_episode,episode_final_frame,0.8500000010020555,1.1813050499774094,0.25880497726980267,2.31042136140881,2.492447074274054,VALID,True,1.6515194037594911,2,VALID,0,True,ENABLED_PR5,0,2.7755575615628914e-17,32,True,True,113,ellipse,1
10,0.2671467990839503,VALID,0,True,bootstrap_estimated_pr6,alpha_shape,VALID,True,square_ellipse.yaml,0.9819444444444444,True,square,95,True,0.0011096600644450831,CONVERGED,analytic_truth_safety_offset,valid,True,none,0,True,0.9722222222222222,1.3746164566198213,1.3307372844622734,1.3307372844622734,converged_pr5_safety_filtered_episode,episode_final_frame,0.8500280864415525,1.7961401696449364,0.8647865623307602,2.1537565192462504,2.4528046465484117,VALID,True,1.6754557172815263,2,VALID,0,True,ENABLED_PR5,0,1.1102230246251565e-16,18,True,True,117,ellipse,1
10,0.29620291973930263,VALID,0,True,bootstrap_estimated_pr6,alpha_shape,VALID,True,square_ellipse.yaml,0.9833333333333333,True,square,83,True,0.005617255608404538,CONVERGED,analytic_truth_safety_offset,valid,True,none,0,True,0.9138888888888889,1.776729079880157,1.3436826529127899,1.3436826529127899,converged_pr5_safety_filtered_episode,episode_final_frame,0.8500000010004404,1.4376557985532121,0.5011694025817128,2.0959394322056375,2.4616148091011425,VALID,True,2.105923280616724,2,VALID,0,True,ENABLED_PR5,0,2.0816681711721685e-17,50,True,True,118,ellipse,1
10,0.30623592162275864,VALID,0,True,bootstrap_estimated_pr6,alpha_shape,VALID,True,square_concave.yaml,0.8944444444444445,True,square,92,True,0.00482658087473491,CONVERGED,analytic_truth_safety_offset,valid,True,none,0,True,0.8388888888888889,2.8236718906712617,2.293423511961858,2.293423511961858,converged_pr5_safety_filtered_episode,episode_final_frame,0.8500000021537542,0.8201283748432605,0.6510528283766668,2.1236735061537595,2.461430465087794,VALID,True,1.7691395934111813,2,VALID,0,True,ENABLED_PR5,0,1.1102230246251565e-16,42,True,True,103,concave,1
10,0.3228259463113994,VALID,0,True,bootstrap_estimated_pr6,alpha_shape,VALID,True,square_concave.yaml,0.8652777777777778,True,square,107,True,0.0026215459595948774,CONVERGED,analytic_truth_safety_offset,valid,True,none,0,True,0.8347222222222223,2.042577388772685,2.3216110377976635,2.3216110377976635,converged_pr5_safety_filtered_episode,episode_final_frame,0.8500000009999995,0.9119451811642105,0.29389199599721777,0.9119451811642105,2.4288217458358456,VALID,True,1.5078091790491062,2,VALID,0,True,ENABLED_PR5,0,6.938893903907228e-18,78,True,True,100,concave,1
10,0.2877317100831854,VALID,0,True,bootstrap_estimated_pr6,alpha_shape,VALID,True,square_concave.yaml,0.8861111111111111,True,square,103,True,0.004235436811187761,CONVERGED,analytic_truth_safety_offset,valid,True,none,0,True,0.9041666666666667,1.6977312100384507,2.3090687874692257,2.3090687874692257,converged_pr5_safety_filtered_episode,episode_final_frame,0.8500000010000618,0.8282217850969864,0.28124818304710075,2.025917658018777,2.4163678480332003,VALID,True,1.5818790453707414,2,VALID,0,True,ENABLED_PR5,0,2.3852447794681098e-18,32,True,True,102,concave,1
10,0.438479979337994,VALID,0,True,bootstrap_estimated_pr6,alpha_shape,VALID,True,square_ellipse.yaml,0.8902777777777777,True,square,400,False,0.7838267711378991,TIMEOUT,analytic_truth_safety_offset,valid,True,TIMEOUT,0,True,0.9652777777777778,1.3552592416127944,2.4002506284364356,2.4002506284364356,diagnostic_only,episode_final_frame,0.8500000009999991,0.6005066534941126,0.36449298894956583,0.625961960553817,2.474592585505878,VALID,True,2.301656936624793,2,VALID,0,True,ENABLED_PR5,0,7.816784164393908e-10,351,True,False,115,ellipse,1
10,0.4155378595486193,VALID,0,True,bootstrap_estimated_pr6,alpha_shape,VALID,True,square_ellipse.yaml,0.8875,True,square,400,False,1.5720223685828043,TIMEOUT,analytic_truth_safety_offset,valid,True,TIMEOUT,0,True,0.9791666666666666,1.3638084027790387,2.3998113257041154,2.3998113257041154,diagnostic_only,episode_final_frame,0.8500000009999992,0.7681876851053531,0.38706066586741983,1.1940836903141492,2.4639017413581676,VALID,True,2.2533815374815025,2,VALID,0,True,ENABLED_PR5,0,1.4868630144518483e-16,400,True,False,111,ellipse,1
10,0.32315540635109724,VALID,0,True,bootstrap_estimated_pr6,alpha_shape,VALID,True,square_concave.yaml,0.8958333333333334,True,square,98,True,0.009881745268982842,CONVERGED,analytic_truth_safety_offset,valid,True,none,0,True,0.8638888888888889,2.6351399504157245,2.1391958320423403,2.1391958320423403,converged_pr5_safety_filtered_episode,episode_final_frame,0.8500000011040272,0.8745858051116796,0.5404508768245289,0.8745858051116796,2.451161846229617,VALID,True,1.4683127476581734,2,VALID,0,True,ENABLED_PR5,0,1.1102230246251565e-16,43,True,True,106,concave,1
10,0.3141522416813237,VALID,0,True,bootstrap_estimated_pr6,alpha_shape,VALID,True,square_concave.yaml,0.8708333333333333,True,square,100,True,0.00730247107809026,CONVERGED,analytic_truth_safety_offset,valid,True,none,0,True,0.8291666666666667,2.719595723664314,2.395919957899779,2.395919957899779,converged_pr5_safety_filtered_episode,episode_final_frame,0.850000001087978,1.6615446167631935,0.8741417305897266,2.1065465094973903,2.454938616288338,VALID,True,1.56163425653362,2,VALID,0,True,ENABLED_PR5,0,5.204170427930421e-18,25,True,True,105,concave,1
10,0.39578360940811563,VALID,0,True,bootstrap_estimated_pr6,alpha_shape,VALID,True,square_ellipse.yaml,0.8916666666666667,True,square,400,False,1.4709271159214237,TIMEOUT,analytic_truth_safety_offset,valid,True,TIMEOUT,0,True,0.9694444444444444,1.4068881419283457,2.491149666253575,2.491149666253575,diagnostic_only,episode_final_frame,0.850000000999999,0.7053661670761122,1.060123025279296,0.9720802636025028,2.490202737762715,VALID,True,2.127191356250283,2,VALID,0,True,ENABLED_PR5,0,1.942890293094024e-16,377,True,False,119,ellipse,1
10,0.32845791740541636,VALID,0,True,bootstrap_estimated_pr6,alpha_shape,VALID,True,square_concave.yaml,0.9,True,square,103,True,0.005541063848300571,CONVERGED,analytic_truth_safety_offset,valid,True,none,0,True,0.9194444444444444,1.5851025575708586,2.1490044649697997,2.1490044649697997,converged_pr5_safety_filtered_episode,episode_final_frame,0.8500000010006326,0.7681876851053531,0.38706066586741983,1.9715867671345628,2.4486558378993166,VALID,True,2.0420486101925523,2,VALID,0,True,ENABLED_PR5,0,5.551115123125783e-17,50,True,True,111,concave,1
11,0.23388223961236856,VALID,0,True,bootstrap_estimated_pr6,alpha_shape,VALID,True,square_concave.yaml,0.9805555555555555,True,square,111,True,0.00396312246074098,CONVERGED,analytic_truth_safety_offset,valid,True,none,0,True,0.8111111111111111,2.794438187411979,1.3378095661922007,1.3378095661922007,converged_pr5_safety_filtered_episode,episode_final_frame,0.850000001000046,0.7884511618637694,0.2889143543357882,1.4695727559760432,2.4009202925269957,VALID,True,1.1563223892187395,1,VALID,0,True,ENABLED_PR5,0,1.5959455978986625e-16,85,True,True,108,concave,1
10,0.29406329538945775,VALID,0,True,bootstrap_estimated_pr6,alpha_shape,VALID,True,square_concave.yaml,0.8652777777777778,True,square,101,True,0.0039269188016325205,CONVERGED,analytic_truth_safety_offset,valid,True,none,0,True,0.9277777777777778,1.5355111472343699,2.1879949315173297,2.1879949315173297,converged_pr5_safety_filtered_episode,episode_final_frame,0.8500000010001427,1.378895157300573,1.034082306498739,1.9738319379922176,2.456444122424614,VALID,True,1.6828948499122127,2,VALID,0,True,ENABLED_PR5,0,1.3877787807814457e-17,48,True,True,110,concave,1
11,0.365375616252817,VALID,0,True,bootstrap_estimated_pr6,alpha_shape,VALID,True,square_concave.yaml,0.8958333333333334,True,square,400,False,0.9104881179561573,TIMEOUT,analytic_truth_safety_offset,valid,True,TIMEOUT,0,True,0.8263888888888888,2.8715805038229005,2.3192190056679616,2.3192190056679616,diagnostic_only,episode_final_frame,0.8500000009999988,0.8497784840298046,0.4554619787632781,0.8878164920314899,2.3466137948407493,VALID,True,1.1816777984029638,1,VALID,0,True,ENABLED_PR5,0,1.3877787807814457e-16,392,True,False,107,concave,1
11,0.3330391424935774,VALID,0,True,bootstrap_estimated_pr6,alpha_shape,VALID,True,square_concave.yaml,0.975,True,square,86,True,0.0037102832596186135,CONVERGED,analytic_truth_safety_offset,valid,True,none,0,True,0.8875,2.079489455211195,1.395959743015678,1.395959743015678,converged_pr5_safety_filtered_episode,episode_final_frame,0.8500000011169092,1.7577145262706482,0.734550270321197,1.7577145262706482,2.439531034712548,VALID,True,1.203149222181762,1,VALID,0,True,ENABLED_PR5,0,1.1102230246251565e-16,65,True,True,116,concave,1
10,0.4816222719709919,VALID,0,True,bootstrap_estimated_pr6,alpha_shape,VALID,True,square_concave.yaml,0.8569444444444444,True,square,400,False,1.0188335258296786,TIMEOUT,analytic_truth_safety_offset,valid,True,TIMEOUT,0,True,0.8402777777777778,2.345661763762185,2.2945380642734734,2.2945380642734734,diagnostic_only,episode_final_frame,0.850000000999999,1.3767146532199541,0.3704334813888568,1.3767146532199541,2.4063145836911417,VALID,True,2.2035043825233065,2,VALID,0,True,ENABLED_PR5,0,1.942890293094024e-16,379,True,False,109,concave,1
11,0.2747010468705407,VALID,0,True,bootstrap_estimated_pr6,alpha_shape,VALID,True,square_concave.yaml,0.9791666666666666,True,square,87,True,0.001602995363917827,CONVERGED,analytic_truth_safety_offset,valid,True,none,0,True,0.8541666666666666,2.1386583956803675,1.3196295566601053,1.3196295566601053,converged_pr5_safety_filtered_episode,episode_final_frame,0.8500000010003853,1.3971419576359938,0.8647865623307602,1.68943430135785,2.3978406810334505,VALID,True,1.0257196969614977,1,VALID,0,True,ENABLED_PR5,0,8.673617379884035e-19,49,True,True,117,concave,1
10,0.30476979339373667,VALID,0,True,bootstrap_estimated_pr6,alpha_shape,VALID,True,square_concave.yaml,0.9055555555555556,True,square,112,True,0.006874064825662032,CONVERGED,analytic_truth_safety_offset,valid,True,none,0,True,0.8513888888888889,2.5827338284358214,2.136873986195809,2.136873986195809,converged_pr5_safety_filtered_episode,episode_final_frame,0.8500000010000167,1.6084614697517057,1.060123025279296,2.1792826046544054,2.4046059376394666,VALID,True,1.67631904387445,2,VALID,0,True,ENABLED_PR5,0,1.942890293094024e-16,79,True,True,119,concave,1
10,0.3262125154212251,VALID,0,True,bootstrap_estimated_pr6,alpha_shape,VALID,True,square_concave.yaml,0.8986111111111111,True,square,90,True,0.005963047019714874,CONVERGED,analytic_truth_safety_offset,valid,True,none,0,True,0.8319444444444445,2.76571528826009,2.2006863786152238,2.2006863786152238,converged_pr5_safety_filtered_episode,episode_final_frame,0.850000001000031,1.3247858217954438,0.5011694025817128,2.1238109091616533,2.421906237273241,VALID,True,1.8039656641118913,2,VALID,0,True,ENABLED_PR5,0,1.1102230246251565e-16,72,True,True,118,concave,1
11,0.2036956529384043,VALID,0,True,bootstrap_estimated_pr6,alpha_shape,VALID,True,square_irregular.yaml,0.9875,True,square,100,True,0.003431344064763635,CONVERGED,analytic_truth_safety_offset,valid,True,none,0,True,0.9666666666666667,1.583671048148225,1.3497629821341648,1.3497629821341648,converged_pr5_safety_filtered_episode,episode_final_frame,0.850000001,1.4966502658522989,0.3804322822451027,2.0319361940182024,2.3775391078578814,VALID,True,1.208464770016144,1,VALID,0,True,ENABLED_PR5,0,1.1102230246251565e-16,64,True,True,101,irregular,1
10,0.3093397966789913,VALID,0,True,bootstrap_estimated_pr6,alpha_shape,VALID,True,square_concave.yaml,0.8819444444444444,True,square,400,False,0.12404884462054738,TIMEOUT,analytic_truth_safety_offset,valid,True,TIMEOUT,0,True,0.8652777777777778,2.34361007027741,2.2705637346358953,2.2705637346358953,diagnostic_only,episode_final_frame,0.8500000009999988,0.6184216582035251,0.9490084131153012,2.2858288111521707,2.3738908612990137,VALID,True,1.6700407686959438,2,VALID,0,True,ENABLED_PR5,0,1.3059454033263778e-16,376,True,False,112,concave,1
10,0.4761604851952539,VALID,0,True,bootstrap_estimated_pr6,alpha_shape,VALID,True,square_concave.yaml,0.7916666666666666,True,square,400,False,0.8925460537465855,TIMEOUT,analytic_truth_safety_offset,valid,True,TIMEOUT,0,True,0.8763888888888889,2.0138373609776736,2.40343118009669,2.40343118009669,diagnostic_only,episode_final_frame,0.850000000999999,0.6007785574024704,0.5318264932835923,0.7417947761382404,2.449933654106868,VALID,True,1.8867526874801521,2,VALID,0,True,ENABLED_PR5,0,5.798937996459586e-10,363,True,False,114,concave,1
11,0.20708957965304436,VALID,0,True,bootstrap_estimated_pr6,alpha_shape,VALID,True,square_irregular.yaml,0.9930555555555556,True,square,108,True,0.00791547756970348,CONVERGED,analytic_truth_safety_offset,valid,True,none,0,True,0.9666666666666667,1.52482532629388,1.3013914604792898,1.3013914604792898,converged_pr5_safety_filtered_episode,episode_final_frame,0.8500000009999996,0.8201283748432605,0.6510528283766668,2.1666446040310587,2.380429793706714,VALID,True,1.2349363165491598,1,VALID,0,True,ENABLED_PR5,0,1.1102230246251565e-16,73,True,True,103,irregular,1
10,0.2954925087619529,VALID,0,True,bootstrap_estimated_pr6,alpha_shape,VALID,True,square_concave.yaml,0.8513888888888889,True,square,400,False,0.07984136016056034,TIMEOUT,analytic_truth_safety_offset,valid,True,TIMEOUT,0,True,0.8388888888888889,2.457288205934633,2.0557832101271742,2.0557832101271742,diagnostic_only,episode_final_frame,0.8500000009999987,0.753185271262444,0.36449298894956583,2.125638690089737,2.3265070693524024,VALID,True,2.0835263550665557,2,VALID,0,True,ENABLED_PR5,0,7.262215098874839e-17,348,True,False,115,concave,1
11,0.21261647802789424,VALID,0,True,bootstrap_estimated_pr6,alpha_shape,VALID,True,square_irregular.yaml,0.9958333333333333,True,square,102,True,0.00517151025808614,CONVERGED,analytic_truth_safety_offset,valid,True,none,0,True,0.9638888888888889,1.5315196338391903,1.2672999381442132,1.2672999381442132,converged_pr5_safety_filtered_episode,episode_final_frame,0.8500000010000003,1.5794334398015955,0.8741417305897266,2.0371974155608195,2.41003882857693,VALID,True,1.2744072118791163,1,VALID,0,True,ENABLED_PR5,0,2.7755575615628914e-17,65,True,True,105,irregular,1
11,0.33858216422530985,VALID,0,True,bootstrap_estimated_pr6,alpha_shape,VALID,True,square_irregular.yaml,0.9125,True,square,400,False,0.7923061802212418,TIMEOUT,analytic_truth_safety_offset,valid,True,TIMEOUT,0,True,0.9555555555555556,1.5410236563840816,2.2565142885439635,2.2565142885439635,diagnostic_only,episode_final_frame,0.850000000999999,0.7961067887363308,0.5752280356138808,0.7961067887363308,2.3474664825417477,VALID,True,1.1289358916816365,1,VALID,0,True,ENABLED_PR5,0,1.1102230246251565e-16,396,True,False,102,irregular,1
11,0.20742881527528292,VALID,0,True,bootstrap_estimated_pr6,alpha_shape,VALID,True,square_irregular.yaml,0.9847222222222223,True,square,88,True,0.002939402636148562,CONVERGED,analytic_truth_safety_offset,valid,True,none,0,True,0.9847222222222223,1.4073675909974088,1.3776784751266753,1.3776784751266753,converged_pr5_safety_filtered_episode,episode_final_frame,0.8500000010007945,0.7884511618637694,0.2889143543357882,2.090423280109479,2.349286144850222,VALID,True,1.1017744345633782,1,VALID,0,True,ENABLED_PR5,0,1.3010426069826053e-18,44,True,True,108,irregular,1
11,0.2220446109498993,VALID,0,True,bootstrap_estimated_pr6,alpha_shape,VALID,True,square_irregular.yaml,0.9875,True,square,99,True,0.004871399387714271,CONVERGED,analytic_truth_safety_offset,valid,True,none,0,True,0.9541666666666667,1.5237202152637712,1.316317628835435,1.316317628835435,converged_pr5_safety_filtered_episode,episode_final_frame,0.8500000010000012,0.8745858051116796,0.5404508768245289,2.050990522893773,2.3877492376661884,VALID,True,1.0745710543130553,1,VALID,0,True,ENABLED_PR5,0,1.1102230246251565e-16,88,True,True,106,irregular,1
11,0.16734920312613566,VALID,0,True,bootstrap_estimated_pr6,alpha_shape,VALID,True,square_irregular.yaml,0.9819444444444444,True,square,111,True,0.006855812084849223,CONVERGED,analytic_truth_safety_offset,valid,True,none,0,True,0.9541666666666667,1.467499361686307,1.3549213068761166,1.3549213068761166,converged_pr5_safety_filtered_episode,episode_final_frame,0.8500000010000056,0.8702030021093042,0.4554619787632781,1.8264007589962867,2.4378643843112116,VALID,True,1.2603103869990195,1,VALID,0,True,ENABLED_PR5,0,5.551115123125783e-17,86,True,True,107,irregular,1
11,0.19349792150254205,VALID,0,True,bootstrap_estimated_pr6,alpha_shape,VALID,True,square_irregular.yaml,0.975,True,square,103,True,0.008714653150936235,CONVERGED,analytic_truth_safety_offset,valid,True,none,0,True,0.9555555555555556,1.5781763898522891,1.3887821017784088,1.3887821017784088,converged_pr5_safety_filtered_episode,episode_final_frame,0.8500000010000025,1.2926411720660969,1.034082306498739,2.0016432953245276,2.3590685622693464,VALID,True,1.1928904570949135,1,VALID,0,True,ENABLED_PR5,0,4.208059681959364e-18,51,True,True,110,irregular,1
11,0.3118082147809042,VALID,0,True,bootstrap_estimated_pr6,alpha_shape,VALID,True,square_irregular.yaml,0.9097222222222222,True,square,400,False,0.9604024028146962,TIMEOUT,analytic_truth_safety_offset,valid,True,TIMEOUT,0,True,0.9805555555555555,1.3734309035734564,2.13011731377556,2.13011731377556,diagnostic_only,episode_final_frame,0.850000000999999,0.6000000012884498,0.7763871741058663,0.600000106748724,2.363077787463892,VALID,True,0.8737582836906687,1,VALID,0,True,ENABLED_PR5,0,9.419084793810956e-10,385,True,False,104,irregular,1
11,0.3392317593647619,VALID,0,True,bootstrap_estimated_pr6,alpha_shape,VALID,True,square_concave.yaml,0.8944444444444445,True,square,400,False,0.8057257847639391,TIMEOUT,analytic_truth_safety_offset,valid,True,TIMEOUT,0,True,0.8763888888888889,1.9452181313445454,1.8993655297430918,1.8993655297430918,diagnostic_only,episode_final_frame,0.8500000009999988,0.6000000009228917,0.7763871741058663,0.6000000009228939,2.4107403182589398,VALID,True,1.0103292120217398,1,VALID,0,True,ENABLED_PR5,0,9.9850010031044e-10,393,True,False,104,concave,1
11,0.1739015185609452,VALID,0,True,bootstrap_estimated_pr6,alpha_shape,VALID,True,square_irregular.yaml,0.9958333333333333,True,square,85,True,0.004211765455005488,CONVERGED,analytic_truth_safety_offset,valid,True,none,0,True,0.9583333333333334,1.529336177342073,1.2784199917957784,1.2784199917957784,converged_pr5_safety_filtered_episode,episode_final_frame,0.8500000010001085,1.50140679220154,0.25880497726980267,2.1447597144050907,2.3156362146100484,VALID,True,1.0804776717513551,1,VALID,0,True,ENABLED_PR5,0,1.870248747537495e-18,44,True,True,113,irregular,1
11,0.20909891644169623,VALID,0,True,bootstrap_estimated_pr6,alpha_shape,VALID,True,square_irregular.yaml,0.9902777777777778,True,square,105,True,0.008090731708496108,CONVERGED,analytic_truth_safety_offset,valid,True,none,0,True,0.9291666666666667,1.4983539938743604,1.3367365139975111,1.3367365139975111,converged_pr5_safety_filtered_episode,episode_final_frame,0.8500000010000002,0.6184216582035251,0.9490084131153012,2.0178494518199646,2.3911695940620312,VALID,True,1.1866362025334265,1,VALID,0,True,ENABLED_PR5,0,2.220446049250313e-16,57,True,True,112,irregular,1
11,0.17037849746014586,VALID,0,True,bootstrap_estimated_pr6,alpha_shape,VALID,True,square_irregular.yaml,0.9805555555555555,True,square,113,True,0.0048826442430969785,CONVERGED,analytic_truth_safety_offset,valid,True,none,0,True,0.975,1.5305503028749654,1.4067097375124178,1.4067097375124178,converged_pr5_safety_filtered_episode,episode_final_frame,0.8500000010000001,0.7681876851053531,0.38706066586741983,2.0955004197116436,2.374766819241918,VALID,True,1.3695375535447676,1,VALID,0,True,ENABLED_PR5,0,5.551115123125783e-17,47,True,True,111,irregular,1
11,0.19996699166171905,VALID,0,True,bootstrap_estimated_pr6,alpha_shape,VALID,True,square_irregular.yaml,0.9847222222222223,True,square,115,True,0.006476447611190347,CONVERGED,analytic_truth_safety_offset,valid,True,none,0,True,0.9625,1.4515979431672084,1.3509615700755915,1.3509615700755915,converged_pr5_safety_filtered_episode,episode_final_frame,0.8500000009999992,0.6008120845270114,0.5318264932835923,2.1469833015404762,2.383449753784827,VALID,True,1.221464886064206,1,VALID,0,True,ENABLED_PR5,0,9.42606714904315e-10,87,True,True,114,irregular,1
11,0.3412091794746831,VALID,0,True,bootstrap_estimated_pr6,alpha_shape,VALID,True,square_irregular.yaml,0.9041666666666667,True,square,400,False,1.0044580970362995,TIMEOUT,analytic_truth_safety_offset,valid,True,TIMEOUT,0,True,0.9597222222222223,1.537366870466046,2.313015279019414,2.313015279019414,diagnostic_only,episode_final_frame,0.8500000009991958,1.1702496301656964,0.3704334813888568,1.1702496301656964,2.3940913093375578,VALID,True,1.3765644551519978,1,VALID,0,True,ENABLED_PR5,0,8.036363141373422e-12,382,True,False,109,irregular,1
11,0.17206723826372136,VALID,0,True,bootstrap_estimated_pr6,alpha_shape,VALID,True,square_irregular.yaml,0.9888888888888889,True,square,95,True,0.0083916850894901,CONVERGED,analytic_truth_safety_offset,valid,True,none,0,True,0.9861111111111112,1.3506958589720586,1.3030299407691723,1.3030299407691723,converged_pr5_safety_filtered_episode,episode_final_frame,0.8500000010000485,2.1223177247590854,0.8647865623307602,2.1386403577605577,2.356541454657741,VALID,True,1.062567013661828,1,VALID,0,True,ENABLED_PR5,0,5.551115123125783e-17,67,True,True,117,irregular,1
11,0.2296490334983289,VALID,0,True,bootstrap_estimated_pr6,alpha_shape,VALID,True,square_irregular.yaml,0.9888888888888889,True,square,96,True,0.0033864774693728498,CONVERGED,analytic_truth_safety_offset,valid,True,none,0,True,0.9486111111111111,1.626129969910861,1.324066954612617,1.324066954612617,converged_pr5_safety_filtered_episode,episode_final_frame,0.8500000010007482,1.5896596372855576,0.5011694025817128,2.1924425383759893,2.4088928742268205,VALID,True,1.3464962788786352,1,VALID,0,True,ENABLED_PR5,0,3.469446951953614e-18,49,True,True,118,irregular,1
11,0.2363204733105613,VALID,0,True,bootstrap_estimated_pr6,alpha_shape,VALID,True,square_irregular.yaml,0.9902777777777778,True,square,88,True,0.0017820823803653115,CONVERGED,analytic_truth_safety_offset,valid,True,none,0,True,0.9444444444444444,1.6887271272213704,1.2944727823296,1.2944727823296,converged_pr5_safety_filtered_episode,episode_final_frame,0.8500000010183263,1.940901086056102,0.734550270321197,1.940901086056102,2.365407476825233,VALID,True,1.1169660663578216,1,VALID,0,True,ENABLED_PR5,0,1.3877787807814457e-16,33,True,True,116,irregular,1
11,0.35381392695261454,VALID,0,True,bootstrap_estimated_pr6,alpha_shape,VALID,True,square_irregular.yaml,0.9083333333333333,True,square,400,False,0.9936251688800083,TIMEOUT,analytic_truth_safety_offset,valid,True,TIMEOUT,0,True,0.9611111111111111,1.4792941359914784,2.1532098010909833,2.1532098010909833,diagnostic_only,episode_final_frame,0.850000000999999,0.6000000009403947,0.29389199599721777,0.6000000009403951,2.3769569219371824,VALID,True,1.1066637459602882,1,VALID,0,True,ENABLED_PR5,0,9.290074820533789e-10,399,True,False,100,irregular,1
11,0.167102049059427,VALID,0,True,bootstrap_estimated_pr6,alpha_shape,VALID,True,square_irregular.yaml,0.9958333333333333,True,square,114,True,0.00818178116105361,CONVERGED,analytic_truth_safety_offset,valid,True,none,0,True,0.9861111111111112,1.2922114745351911,1.3088923562300052,1.3088923562300052,converged_pr5_safety_filtered_episode,episode_final_frame,0.8500000009999995,1.128538956270838,1.060123025279296,2.1446053752063534,2.3135043183402715,VALID,True,1.1632803910789702,1,VALID,0,True,ENABLED_PR5,0,8.429671891074797e-18,74,True,True,119,irregular,1
10,0.2728089039424064,VALID,0,True,bootstrap_estimated_pr6,alpha_shape,VALID,True,rectangle_circle.yaml,1.0,True,rectangle,127,True,0.004524762998077912,CONVERGED,analytic_truth_safety_offset,valid,True,none,0,True,1.0,1.1666385847525824,1.2341487022427409,1.2341487022427409,converged_pr5_safety_filtered_episode,episode_final_frame,0.850000001,1.1166070649218924,0.31189896871402506,2.2103348499408435,2.3450668701069546,VALID,True,2.2074735674899784,2,VALID,0,True,ENABLED_PR5,0,5.551115123125783e-17,90,True,True,100,circle,1
10,0.300234198647381,VALID,0,True,bootstrap_estimated_pr6,alpha_shape,VALID,True,rectangle_circle.yaml,0.9986111111111111,True,rectangle,122,True,0.003474738422593588,CONVERGED,analytic_truth_safety_offset,valid,True,none,0,True,1.0,1.1671995751814046,1.2564434116052907,1.2564434116052907,converged_pr5_safety_filtered_episode,episode_final_frame,0.8500000009999987,1.5171810175719227,0.4339429621405273,2.0534780954678853,2.277943243285492,VALID,True,2.2927202571150604,2,VALID,0,True,ENABLED_PR5,0,3.5480092578114505e-18,91,True,True,101,circle,1
10,0.3187458139575867,VALID,0,True,bootstrap_estimated_pr6,alpha_shape,VALID,True,rectangle_circle.yaml,1.0,True,rectangle,112,True,0.0030268369430409147,CONVERGED,analytic_truth_safety_offset,valid,True,none,0,True,1.0,1.1795284385791207,1.2498877626365976,1.2498877626365976,converged_pr5_safety_filtered_episode,episode_final_frame,0.8500000010000085,1.1620868894938152,0.29406795045103706,1.1620868894938152,2.3102141584004876,VALID,True,2.1287437730942047,2,VALID,0,True,ENABLED_PR5,0,2.168404344971009e-18,43,True,True,102,circle,1
11,0.3633966307585123,VALID,0,True,bootstrap_estimated_pr6,alpha_shape,VALID,True,square_irregular.yaml,0.9027777777777778,True,square,400,False,0.8768532240817251,TIMEOUT,analytic_truth_safety_offset,valid,True,TIMEOUT,0,True,0.9486111111111111,1.6712126365175475,2.22930697553524,2.22930697553524,diagnostic_only,episode_final_frame,0.850000000999999,0.6036538082128818,0.36449298894956583,1.0394916689680695,2.390567255516679,VALID,True,1.5104566636680479,1,VALID,0,True,ENABLED_PR5,0,8.118099803500201e-10,387,True,False,115,irregular,1
10,0.26476536428075337,VALID,0,True,bootstrap_estimated_pr6,alpha_shape,VALID,True,rectangle_circle.yaml,1.0,True,rectangle,117,True,0.0038561601723248137,CONVERGED,analytic_truth_safety_offset,valid,True,none,0,True,1.0,1.1808191140100575,1.2160988229444514,1.2160988229444514,converged_pr5_safety_filtered_episode,episode_final_frame,0.8500000009999998,1.809007625537603,1.1301998764726913,2.1733953031698743,2.30876728956202,VALID,True,2.1253535274162307,2,VALID,0,True,ENABLED_PR5,0,1.6653345369377348e-16,104,True,True,105,circle,1
10,0.2999645878089831,VALID,0,True,bootstrap_estimated_pr6,alpha_shape,VALID,True,rectangle_circle.yaml,0.9930555555555556,True,rectangle,108,True,0.0014403433207682476,CONVERGED,analytic_truth_safety_offset,valid,True,none,0,True,1.0,1.217509366128998,1.3057219004453555,1.3057219004453555,converged_pr5_safety_filtered_episode,episode_final_frame,0.850000001,0.7012811372843746,0.4808712097835998,0.7012811372843746,2.285914428886535,VALID,True,1.9763191842727317,2,VALID,0,True,ENABLED_PR5,0,6.938893903907228e-18,93,True,True,106,circle,1
10,0.30285427294477324,VALID,0,True,bootstrap_estimated_pr6,alpha_shape,VALID,True,rectangle_circle.yaml,1.0,True,rectangle,117,True,0.0019824296349938244,CONVERGED,analytic_truth_safety_offset,valid,True,none,0,True,1.0,1.1856769299775727,1.2142562840065183,1.2142562840065183,converged_pr5_safety_filtered_episode,episode_final_frame,0.8500000010000006,1.4211434266131069,0.6684103178790219,2.1896687980940404,2.3268968110336097,VALID,True,1.5856910605039098,2,VALID,0,True,ENABLED_PR5,0,1.3877787807814457e-16,87,True,True,104,circle,1
10,0.28763405282000476,VALID,0,True,bootstrap_estimated_pr6,alpha_shape,VALID,True,rectangle_circle.yaml,0.9958333333333333,True,rectangle,134,True,0.002087950570012313,CONVERGED,analytic_truth_safety_offset,valid,True,none,0,True,1.0,1.224096252453501,1.2618019570969332,1.2618019570969332,converged_pr5_safety_filtered_episode,episode_final_frame,0.8500000009999986,1.217563313315627,0.5397540726148762,2.096602777174854,2.316143508059472,VALID,True,2.204466670993049,2,VALID,0,True,ENABLED_PR5,0,1.1102230246251565e-16,85,True,True,107,circle,1
10,0.25929670187896114,VALID,0,True,bootstrap_estimated_pr6,alpha_shape,VALID,True,rectangle_circle.yaml,0.9986111111111111,True,rectangle,112,True,0.00360756565791869,CONVERGED,analytic_truth_safety_offset,valid,True,none,0,True,1.0,1.167769715792042,1.2638182510595584,1.2638182510595584,converged_pr5_safety_filtered_episode,episode_final_frame,0.8500000009999993,1.2354444884685598,0.815587322069657,2.131391561829468,2.3474424314861935,VALID,True,2.0954185518871573,2,VALID,0,True,ENABLED_PR5,0,1.6653345369377348e-16,108,True,True,103,circle,1
10,0.28677562047086336,VALID,0,True,bootstrap_estimated_pr6,alpha_shape,VALID,True,rectangle_circle.yaml,0.9958333333333333,True,rectangle,98,True,0.00447571324855474,CONVERGED,analytic_truth_safety_offset,valid,True,none,0,True,1.0,1.133496380439202,1.28492598811821,1.28492598811821,converged_pr5_safety_filtered_episode,episode_final_frame,0.8500000010005418,0.8382192941073875,0.280931922677165,1.9716793243157955,2.303280108309412,VALID,True,1.971775215882656,2,VALID,0,True,ENABLED_PR5,0,1.1102230246251565e-16,70,True,True,108,circle,1
10,0.2693473680982213,VALID,0,True,bootstrap_estimated_pr6,alpha_shape,VALID,True,rectangle_circle.yaml,0.9986111111111111,True,rectangle,125,True,0.001587833097782452,CONVERGED,analytic_truth_safety_offset,valid,True,none,0,True,1.0,1.1979578878151231,1.2541481595964084,1.2541481595964084,converged_pr5_safety_filtered_episode,episode_final_frame,0.8500000019808442,1.5220619931748436,0.9876559333665034,2.175383291069752,2.3405004651266026,VALID,True,2.0076430626564696,2,VALID,0,True,ENABLED_PR5,0,4.607859233063394e-19,11,True,True,110,circle,1
10,0.28481733263408254,VALID,0,True,bootstrap_estimated_pr6,alpha_shape,VALID,True,rectangle_circle.yaml,0.9986111111111111,True,rectangle,118,True,0.0012148964583680911,CONVERGED,analytic_truth_safety_offset,valid,True,none,0,True,1.0,1.15853496690399,1.2505313928608013,1.2505313928608013,converged_pr5_safety_filtered_episode,episode_final_frame,0.8503384743525806,0.7324608795758707,0.41957883676131935,2.183155879455589,2.3409000764275607,VALID,True,2.342586511679543,2,VALID,0,True,ENABLED_PR5,0,0.0,0,True,True,111,circle,1
0,0.8290328842520879,ASSIGNMENT_SKIPPED_PLAN_INVALID,0,False,not_available,alpha_shape,BOUNDARY_INVALID,False,rectangle_circle.yaml,0.23472222222222222,False,rectangle,0,False,not_available,BOUNDARY_INVALID,analytic_truth_safety_offset,valid,False,BOUNDARY_INVALID,0,True,1.0,1.233679226333396,4.565352893752432,4.565352893752432,diagnostic_only,endpoint_baseline_no_episode,not_available,not_available,not_available,1.8886553887190307,not_available,PLAN_SKIPPED_BOUNDARY_INVALID,False,5.077147192749041,0,RESOURCE_SKIPPED_BOUNDARY_INVALID,0,False,not_available,0,not_available,0,False,False,116,circle,1
10,0.2726133782707201,VALID,0,True,bootstrap_estimated_pr6,alpha_shape,VALID,True,rectangle_circle.yaml,1.0,True,rectangle,116,True,0.002660239215545077,CONVERGED,analytic_truth_safety_offset,valid,True,none,0,True,1.0,1.1736639941973237,1.2122480285107287,1.2122480285107287,converged_pr5_safety_filtered_episode,episode_final_frame,0.8500000010000112,1.4214271741978222,0.2569988280862534,2.224014274934443,2.331972449233959,VALID,True,2.030193273589727,2,VALID,0,True,ENABLED_PR5,0,2.4801124695605914e-18,53,True,True,113,circle,1
10,0.2875950407125448,VALID,0,True,bootstrap_estimated_pr6,alpha_shape,VALID,True,rectangle_circle.yaml,0.9972222222222222,True,rectangle,128,True,0.00546683148606633,CONVERGED,analytic_truth_safety_offset,valid,True,none,0,True,1.0,1.1014298392999025,1.277238638068959,1.277238638068959,converged_pr5_safety_filtered_episode,episode_final_frame,0.8500000010000333,1.7470351990090234,0.41984208913813137,1.7470351990090234,2.2856457435811777,VALID,True,2.42997117270473,2,VALID,0,True,ENABLED_PR5,0,1.1102230246251565e-16,68,True,True,109,circle,1
10,0.292369647158041,VALID,0,True,bootstrap_estimated_pr6,alpha_shape,VALID,True,rectangle_circle.yaml,1.0,True,rectangle,129,True,0.0031179628400113905,CONVERGED,analytic_truth_safety_offset,valid,True,none,0,True,1.0,1.2084719385408222,1.2164599305281492,1.2164599305281492,converged_pr5_safety_filtered_episode,episode_final_frame,0.8500000009999983,1.667945815225035,0.34100724762657797,2.093890025839261,2.3342243786933246,VALID,True,2.3914085701699137,2,VALID,0,True,ENABLED_PR5,0,2.7755575615628914e-17,76,True,True,115,circle,1
10,0.27280038507270743,VALID,0,True,bootstrap_estimated_pr6,alpha_shape,VALID,True,rectangle_circle.yaml,0.9944444444444445,True,rectangle,124,True,0.00130001805617071,CONVERGED,analytic_truth_safety_offset,valid,True,none,0,True,1.0,1.1940220969319202,1.2978478541400589,1.2978478541400589,converged_pr5_safety_filtered_episode,episode_final_frame,0.8500017552362297,1.1142823570059908,0.8056220719634464,2.1251303746154777,2.284604432469372,VALID,True,1.9545559714521652,2,VALID,0,True,ENABLED_PR5,0,1.1102230246251565e-16,48,True,True,112,circle,1
11,0.271115539671671,VALID,0,True,bootstrap_estimated_pr6,alpha_shape,VALID,True,square_concave.yaml,0.8805555555555555,True,square,400,False,1.307719639725832,TIMEOUT,analytic_truth_safety_offset,valid,True,TIMEOUT,0,True,0.8319444444444445,2.8256296264695315,1.8738464302330733,1.8738464302330733,diagnostic_only,episode_final_frame,0.8500000009999991,0.6000000009009713,0.25880497726980267,0.6000000009009723,2.413650576516675,VALID,True,1.0044967544145487,1,VALID,0,True,ENABLED_PR5,0,9.976145187717833e-10,400,True,False,113,concave,1
0,0.636521031509721,ASSIGNMENT_SKIPPED_PLAN_INVALID,0,False,not_available,alpha_shape,BOUNDARY_INVALID,False,rectangle_ellipse.yaml,0.0,False,rectangle,0,False,not_available,BOUNDARY_INVALID,analytic_truth_safety_offset,valid,False,BOUNDARY_INVALID,0,True,0.9458333333333333,1.576192544555559,7.262061426851811,7.262061426851811,diagnostic_only,endpoint_baseline_no_episode,not_available,not_available,not_available,1.809007625537603,not_available,PLAN_SKIPPED_BOUNDARY_INVALID,False,6.3503609527274705,0,RESOURCE_SKIPPED_BOUNDARY_INVALID,0,False,not_available,0,not_available,0,False,False,105,ellipse,1
10,0.3625020897783142,VALID,0,True,bootstrap_estimated_pr6,alpha_shape,VALID,True,rectangle_ellipse.yaml,0.9791666666666666,True,rectangle,108,True,0.007249312568172962,CONVERGED,analytic_truth_safety_offset,valid,True,none,0,True,0.9638888888888889,1.3965277776382807,1.3947913906938443,1.3947913906938443,converged_pr5_safety_filtered_episode,episode_final_frame,0.8500000009999992,1.5171810175719227,0.4339429621405273,2.0534780954678853,2.4660275197060564,VALID,True,2.414326831865677,2,VALID,0,True,ENABLED_PR5,0,1.3877787807814457e-17,103,True,True,101,ellipse,1
0,0.6971187206659439,ASSIGNMENT_SKIPPED_PLAN_INVALID,0,False,not_available,alpha_shape,BOUNDARY_INVALID,False,rectangle_ellipse.yaml,0.14444444444444443,False,rectangle,0,False,not_available,BOUNDARY_INVALID,analytic_truth_safety_offset,valid,False,BOUNDARY_INVALID,0,True,0.9638888888888889,1.4754078237707076,8.131504690592115,8.131504690592115,diagnostic_only,endpoint_baseline_no_episode,not_available,not_available,not_available,1.4390576596138842,not_available,PLAN_SKIPPED_BOUNDARY_INVALID,False,4.653259279151593,0,RESOURCE_SKIPPED_BOUNDARY_INVALID,0,False,not_available,0,not_available,0,False,False,104,ellipse,1
10,0.2682421591675816,VALID,0,True,bootstrap_estimated_pr6,alpha_shape,VALID,True,rectangle_circle.yaml,1.0,True,rectangle,117,True,0.0038202338747170134,CONVERGED,analytic_truth_safety_offset,valid,True,none,0,True,1.0,1.1996892903131828,1.2440034883356117,1.2440034883356117,converged_pr5_safety_filtered_episode,episode_final_frame,0.8500000009999992,1.10987139440368,1.0660350200447914,2.21086302522532,2.3232280852628797,VALID,True,1.8864899994122541,2,VALID,0,True,ENABLED_PR5,0,3.6930636500287495e-18,87,True,True,117,circle,1
10,0.26467807474011784,VALID,0,True,bootstrap_estimated_pr6,alpha_shape,VALID,True,rectangle_circle.yaml,0.9944444444444445,True,rectangle,119,True,0.007462767486984272,CONVERGED,analytic_truth_safety_offset,valid,True,none,0,True,1.0,1.1766772992422445,1.2968482794815768,1.2968482794815768,converged_pr5_safety_filtered_episode,episode_final_frame,0.8500000009999997,1.6912952702658997,0.4496474738470013,1.963116640776833,2.3245523688490977,VALID,True,2.0509562717040493,2,VALID,0,True,ENABLED_PR5,0,9.540979117872439e-18,82,True,True,118,circle,1
10,0.39935014550339304,VALID,0,True,bootstrap_estimated_pr6,alpha_shape,VALID,True,rectangle_circle.yaml,0.9069444444444444,True,rectangle,400,False,1.640469426668535,TIMEOUT,analytic_truth_safety_offset,valid,True,TIMEOUT,0,True,1.0,1.174810450039275,2.2735992809628214,2.2735992809628214,diagnostic_only,episode_final_frame,0.8500000009999982,0.6190360789749093,0.47401593055875324,0.6190360789749093,2.321285390544613,VALID,True,1.9844757709250758,2,VALID,0,True,ENABLED_PR5,0,1.839520268489383e-16,387,True,False,114,circle,1
11,0.4634518026474875,VALID,0,True,bootstrap_estimated_pr6,alpha_shape,VALID,True,rectangle_ellipse.yaml,0.9180555555555555,True,rectangle,400,False,1.4456987138982962,TIMEOUT,analytic_truth_safety_offset,valid,True,TIMEOUT,0,True,0.9458333333333333,1.6358230391239292,2.251876491061013,2.251876491061013,diagnostic_only,episode_final_frame,0.8500000009999988,0.9562591740866236,0.31189896871402506,1.0732492250352141,2.2776057460887102,VALID,True,1.6622779330773716,1,VALID,0,True,ENABLED_PR5,0,1.1952515342375955e-16,391,True,False,100,ellipse,1
10,0.3567740690670107,VALID,0,True,bootstrap_estimated_pr6,alpha_shape,VALID,True,rectangle_ellipse.yaml,0.9819444444444444,True,rectangle,99,True,0.004717224936758434,CONVERGED,analytic_truth_safety_offset,valid,True,none,0,True,0.9680555555555556,1.4054586657818409,1.3537890659629888,1.3537890659629888,converged_pr5_safety_filtered_episode,episode_final_frame,0.8500000031323858,0.7012811372843746,0.4808712097835998,0.7012811372843746,2.4705643132284756,VALID,True,2.2465129683574867,2,VALID,0,True,ENABLED_PR5,0,2.7755575615628914e-17,31,True,True,106,ellipse,1
10,0.3037502139292438,VALID,0,True,bootstrap_estimated_pr6,alpha_shape,VALID,True,rectangle_ellipse.yaml,0.9847222222222223,True,rectangle,100,True,0.005178193864117443,CONVERGED,analytic_truth_safety_offset,valid,True,none,0,True,0.9666666666666667,1.4566525518365312,1.2890810162476822,1.2890810162476822,converged_pr5_safety_filtered_episode,episode_final_frame,0.85000000167055,0.8382192941073875,0.280931922677165,2.189666591602634,2.450692771198863,VALID,True,1.9459248580908681,2,VALID,0,True,ENABLED_PR5,0,2.6020852139652106e-18,26,True,True,108,ellipse,1
11,0.3287164212806612,VALID,0,True,bootstrap_estimated_pr6,alpha_shape,VALID,True,rectangle_ellipse.yaml,0.9111111111111111,True,rectangle,400,False,1.1576388957435833,TIMEOUT,analytic_truth_safety_offset,valid,True,TIMEOUT,0,True,0.9722222222222222,1.3742683129436275,2.3149497960097554,2.3149497960097554,diagnostic_only,episode_final_frame,0.8500000009999982,0.8384046886872274,0.5085145924110335,0.8388108202909842,2.2861361242886105,VALID,True,1.4725748200115296,1,VALID,0,True,ENABLED_PR5,0,1.0581813203458523e-16,399,True,False,102,ellipse,1
10,0.3660725442519315,VALID,0,True,bootstrap_estimated_pr6,alpha_shape,VALID,True,rectangle_ellipse.yaml,0.9722222222222222,True,rectangle,113,True,0.0035274576553344364,CONVERGED,analytic_truth_safety_offset,valid,True,none,0,True,0.9916666666666667,1.2889753366109686,1.3882336171990541,1.3882336171990541,converged_pr5_safety_filtered_episode,episode_final_frame,0.8500000010464023,1.7470351990090234,0.41984208913813137,1.7470351990090234,2.4277040420867593,VALID,True,2.5859982991483306,2,VALID,0,True,ENABLED_PR5,0,2.168404344971009e-18,30,True,True,109,ellipse,1
10,0.4461785437039643,VALID,0,True,bootstrap_estimated_pr6,alpha_shape,VALID,True,rectangle_circle.yaml,0.9055555555555556,True,rectangle,400,False,1.6378859928684526,TIMEOUT,analytic_truth_safety_offset,valid,True,TIMEOUT,0,True,1.0,1.1408231131098028,2.314757705602164,2.314757705602164,diagnostic_only,episode_final_frame,0.8500000009999985,0.8562076497040025,1.031747379752689,0.8562076497040025,2.3555626691561855,VALID,True,2.0190331915948496,2,VALID,0,True,ENABLED_PR5,0,1.1288602732138027e-16,384,True,False,119,circle,1
0,0.7306514556105944,ASSIGNMENT_SKIPPED_PLAN_INVALID,0,False,not_available,alpha_shape,BOUNDARY_INVALID,False,rectangle_ellipse.yaml,0.1,False,rectangle,0,False,not_available,BOUNDARY_INVALID,analytic_truth_safety_offset,valid,False,BOUNDARY_INVALID,0,True,0.9402777777777778,1.4746377972664555,8.691963889330104,8.691963889330104,diagnostic_only,endpoint_baseline_no_episode,not_available,not_available,not_available,1.445688726782014,not_available,PLAN_SKIPPED_BOUNDARY_INVALID,False,5.4494255257676905,0,RESOURCE_SKIPPED_BOUNDARY_INVALID,0,False,not_available,0,not_available,0,False,False,114,ellipse,1
11,0.279923490127738,VALID,0,True,bootstrap_estimated_pr6,alpha_shape,VALID,True,rectangle_ellipse.yaml,1.0,True,rectangle,128,True,0.002738784654135784,CONVERGED,analytic_truth_safety_offset,valid,True,none,0,True,0.9791666666666666,1.362624772136048,1.222473773782857,1.222473773782857,converged_pr5_safety_filtered_episode,episode_final_frame,0.8500000009999993,1.217563313315627,0.5397540726148762,1.9642796821469293,2.277804207614217,VALID,True,1.5579832508531128,1,VALID,0,True,ENABLED_PR5,0,5.551115123125783e-17,105,True,True,107,ellipse,1
10,0.3677365275568699,VALID,0,True,bootstrap_estimated_pr6,alpha_shape,VALID,True,rectangle_ellipse.yaml,0.9833333333333333,True,rectangle,112,True,0.003767436072144626,CONVERGED,analytic_truth_safety_offset,valid,True,none,0,True,0.9513888888888888,1.4406745737165645,1.3045262280363967,1.3045262280363967,converged_pr5_safety_filtered_episode,episode_final_frame,0.8500000010108898,1.2342978436508671,0.9876559333665034,2.2699484098096185,2.4677982343614,VALID,True,2.2557561581821557,2,VALID,0,True,ENABLED_PR5,0,1.3010426069826053e-18,31,True,True,110,ellipse,1
10,0.3541140941045152,VALID,0,True,bootstrap_estimated_pr6,alpha_shape,VALID,True,rectangle_ellipse.yaml,0.9791666666666666,True,rectangle,113,True,0.003505957095256464,CONVERGED,analytic_truth_safety_offset,valid,True,none,0,True,0.9791666666666666,1.3638084027790376,1.3345461400219314,1.3345461400219314,converged_pr5_safety_filtered_episode,episode_final_frame,0.8500000010000791,0.7324608795758707,0.41957883676131935,2.277498560943476,2.4639017413581676,VALID,True,2.6236535269349637,2,VALID,0,True,ENABLED_PR5,0,2.0816681711721685e-17,41,True,True,111,ellipse,1
11,0.2850800404009812,VALID,0,True,bootstrap_estimated_pr6,alpha_shape,VALID,True,rectangle_ellipse.yaml,0.9972222222222222,True,rectangle,124,True,0.0029872531283899354,CONVERGED,analytic_truth_safety_offset,valid,True,none,0,True,0.9527777777777777,1.4604196661317876,1.2696144316156561,1.2696144316156561,converged_pr5_safety_filtered_episode,episode_final_frame,0.8500000010000928,1.044704380705078,0.7155849304103334,1.8532431083040901,2.2799893619992417,VALID,True,1.6688512086678353,1,VALID,0,True,ENABLED_PR5,0,2.7755575615628914e-17,39,True,True,112,ellipse,1
10,0.4420284767755869,VALID,0,True,bootstrap_estimated_pr6,alpha_shape,VALID,True,rectangle_ellipse.yaml,0.8916666666666667,True,rectangle,400,False,1.6554550810718407,TIMEOUT,analytic_truth_safety_offset,valid,True,TIMEOUT,0,True,0.9638888888888889,1.548317521072065,2.477162962279614,2.477162962279614,diagnostic_only,episode_final_frame,0.850000000999999,0.6627363106352108,0.815587322069657,1.0692772929311356,2.484862531462092,VALID,True,2.3275167065831583,2,VALID,0,True,ENABLED_PR5,0,1.1107651257113993e-16,380,True,False,103,ellipse,1
10,0.3790926193074681,VALID,0,True,bootstrap_estimated_pr6,alpha_shape,VALID,True,rectangle_ellipse.yaml,0.9861111111111112,True,rectangle,102,True,0.0014270782856294914,CONVERGED,analytic_truth_safety_offset,valid,True,none,0,True,0.9513888888888888,1.4914841861089831,1.2975569530887028,1.2975569530887028,converged_pr5_safety_filtered_episode,episode_final_frame,0.8500000009999993,1.4214271741978222,0.2569988280862534,2.3114354886041886,2.492447074274054,VALID,True,2.2660520082197078,2,VALID,0,True,ENABLED_PR5,0,1.5265566588595902e-16,80,True,True,113,ellipse,1
10,0.3541388470112417,VALID,0,True,bootstrap_estimated_pr6,alpha_shape,VALID,True,rectangle_ellipse.yaml,0.9833333333333333,True,rectangle,112,True,0.003521196916518372,CONVERGED,analytic_truth_safety_offset,valid,True,none,0,True,0.9652777777777778,1.3552592416128004,1.3213305537000417,1.3213305537000417,converged_pr5_safety_filtered_episode,episode_final_frame,0.8500000010318279,1.4765395994079986,0.34100724762657797,2.115061910313737,2.474592585505878,VALID,True,2.5652780721893977,2,VALID,0,True,ENABLED_PR5,0,1.1102230246251565e-16,67,True,True,115,ellipse,1
0,0.6591387086173603,ASSIGNMENT_SKIPPED_PLAN_INVALID,0,False,not_available,alpha_shape,BOUNDARY_INVALID,False,rectangle_concave.yaml,0.17083333333333334,False,rectangle,0,False,not_available,BOUNDARY_INVALID,analytic_truth_safety_offset,valid,False,BOUNDARY_INVALID,0,True,0.9013888888888889,1.7489874138078791,4.225966650431928,4.225966650431928,diagnostic_only,endpoint_baseline_no_episode,not_available,not_available,not_available,0.7339203114805927,not_available,PLAN_SKIPPED_BOUNDARY_INVALID,False,4.980835864155929,0,RESOURCE_SKIPPED_BOUNDARY_INVALID,0,False,not_available,0,not_available,0,False,False,101,concave,1
10,0.35669202822214136,VALID,0,True,bootstrap_estimated_pr6,alpha_shape,VALID,True,rectangle_ellipse.yaml,0.9819444444444444,True,rectangle,111,True,0.0010754281869238891,CONVERGED,analytic_truth_safety_offset,valid,True,none,0,True,0.9722222222222222,1.3746164566198122,1.328661019414058,1.328661019414058,converged_pr5_safety_filtered_episode,episode_final_frame,0.8500000010000033,1.5287207746987037,1.0660350200447914,2.153719468407188,2.4528046465484117,VALID,True,2.152526181865936,2,VALID,0,True,ENABLED_PR5,0,1.1102230246251565e-16,87,True,True,117,ellipse,1
10,0.3674390837704229,VALID,0,True,bootstrap_estimated_pr6,alpha_shape,VALID,True,rectangle_ellipse.yaml,0.9805555555555555,True,rectangle,99,True,0.003991387912024175,CONVERGED,analytic_truth_safety_offset,valid,True,none,0,True,0.975,1.3791320942533296,1.3206057497262593,1.3206057497262593,converged_pr5_safety_filtered_episode,episode_final_frame,0.8500000010038818,1.8886553887190307,0.9333401248119451,2.2385816663564495,2.474317681300221,VALID,True,2.2162532959970505,2,VALID,0,True,ENABLED_PR5,0,3.469446951953614e-18,51,True,True,116,ellipse,1
10,0.27090851862427356,VALID,0,True,bootstrap_estimated_pr6,alpha_shape,VALID,True,rectangle_concave.yaml,0.8861111111111111,True,rectangle,117,True,0.00407339397239071,CONVERGED,analytic_truth_safety_offset,valid,True,none,0,True,0.9041666666666667,1.6977312100384487,2.307683513950434,2.307683513950434,converged_pr5_safety_filtered_episode,episode_final_frame,0.8500000010000764,1.1620868894938152,0.29406795045103706,2.1580783938588164,2.4163678480332003,VALID,True,1.9637204550674958,2,VALID,0,True,ENABLED_PR5,0,3.9048218868423246e-18,51,True,True,102,concave,1
10,0.31738106217321066,VALID,0,True,bootstrap_estimated_pr6,alpha_shape,VALID,True,rectangle_ellipse.yaml,0.9888888888888889,True,rectangle,208,True,0.0026693444143204045,CONVERGED,analytic_truth_safety_offset,valid,True,none,0,True,0.9694444444444444,1.4068881419283439,1.2954461374243582,1.2954461374243582,converged_pr5_safety_filtered_episode,episode_final_frame,0.8500000009999991,0.6000000041009812,1.031747379752689,2.157354501819455,2.490202737762715,VALID,True,2.3331994922536943,2,VALID,0,True,ENABLED_PR5,0,9.703104431046938e-10,182,True,True,119,ellipse,1
10,0.28110824311702165,VALID,0,True,bootstrap_estimated_pr6,alpha_shape,VALID,True,rectangle_concave.yaml,0.8944444444444445,True,rectangle,124,True,0.004832944876260487,CONVERGED,analytic_truth_safety_offset,valid,True,none,0,True,0.8388888888888889,2.823671890671264,2.29340616237663,2.29340616237663,converged_pr5_safety_filtered_episode,episode_final_frame,0.8500000010005632,0.6627363106352108,0.815587322069657,2.1259276968283274,2.461430465087794,VALID,True,2.0536785443911882,2,VALID,0,True,ENABLED_PR5,0,5.551115123125783e-17,59,True,True,103,concave,1
10,0.3043173541219835,VALID,0,True,bootstrap_estimated_pr6,alpha_shape,VALID,True,rectangle_concave.yaml,0.8708333333333333,True,rectangle,116,True,0.007306837227933839,CONVERGED,analytic_truth_safety_offset,valid,True,none,0,True,0.8291666666666667,2.719595723664322,2.395802197636236,2.395802197636236,converged_pr5_safety_filtered_episode,episode_final_frame,0.8500000010048661,1.537475809240607,1.1301998764726913,2.106404941808699,2.454938616288338,VALID,True,2.08503325609937,2,VALID,0,True,ENABLED_PR5,0,5.551115123125783e-17,41,True,True,105,concave,1
10,0.2917739331281407,VALID,0,True,bootstrap_estimated_pr6,alpha_shape,VALID,True,rectangle_concave.yaml,0.8958333333333334,True,rectangle,98,True,0.009879008454021327,CONVERGED,analytic_truth_safety_offset,valid,True,none,0,True,0.8638888888888889,2.635139950415729,2.1391955865271655,2.1391955865271655,converged_pr5_safety_filtered_episode,episode_final_frame,0.850000001248531,0.7012811372843746,0.4808712097835998,0.7012811372843746,2.451161846229617,VALID,True,1.9346656711829775,2,VALID,0,True,ENABLED_PR5,0,2.220446049250313e-16,43,True,True,106,concave,1
10,0.41478411102236284,VALID,0,True,bootstrap_estimated_pr6,alpha_shape,VALID,True,rectangle_ellipse.yaml,0.8861111111111111,True,rectangle,400,False,1.6204310764837553,TIMEOUT,analytic_truth_safety_offset,valid,True,TIMEOUT,0,True,0.9138888888888889,1.7767290798801607,2.4326408413618057,2.4326408413618057,diagnostic_only,episode_final_frame,0.8500000009999986,0.6146706781470712,0.4496474738470013,0.6179095102347715,2.4616148091011425,VALID,True,2.459696974429207,2,VALID,0,True,ENABLED_PR5,0,1.5265566588595902e-16,398,True,False,118,ellipse,1
10,0.4319002507089304,VALID,0,True,bootstrap_estimated_pr6,alpha_shape,VALID,True,rectangle_concave.yaml,0.7944444444444444,True,rectangle,400,False,1.4005923077927138,TIMEOUT,analytic_truth_safety_offset,valid,True,TIMEOUT,0,True,0.8347222222222223,2.042577388772681,3.070471278851654,3.070471278851654,diagnostic_only,episode_final_frame,0.8500000009999981,0.6000172127348893,0.31189896871402506,0.6735527053749256,2.4288217458358456,VALID,True,2.1697025664906424,2,VALID,0,True,ENABLED_PR5,0,9.626350827574015e-10,396,True,False,100,concave,1
11,0.21757884787188858,VALID,0,True,bootstrap_estimated_pr6,alpha_shape,VALID,True,rectangle_concave.yaml,0.9638888888888889,True,rectangle,128,True,0.009537196102677328,CONVERGED,analytic_truth_safety_offset,valid,True,none,0,True,0.8263888888888888,2.871580503822902,1.4859209406357845,1.4859209406357845,converged_pr5_safety_filtered_episode,episode_final_frame,0.8500000009999997,1.217563313315627,0.5397540726148762,1.7246789293660179,2.3466137948407493,VALID,True,1.3511233777669787,1,VALID,0,True,ENABLED_PR5,0,1.1102230246251565e-16,109,True,True,107,concave,1
10,0.3341299451128187,VALID,0,True,bootstrap_estimated_pr6,alpha_shape,VALID,True,rectangle_concave.yaml,0.8597222222222223,True,rectangle,131,True,0.0014921675485169677,CONVERGED,analytic_truth_safety_offset,valid,True,none,0,True,0.8402777777777778,2.3456617637621973,2.272550604204748,2.272550604204748,converged_pr5_safety_filtered_episode,episode_final_frame,0.8500000009999996,1.6862231529145795,0.41984208913813137,1.7470351990090234,2.4063145836911417,VALID,True,2.383702651868567,2,VALID,0,True,ENABLED_PR5,0,6.547035286683708e-19,73,True,True,109,concave,1
10,0.3041987216161277,VALID,0,True,bootstrap_estimated_pr6,alpha_shape,VALID,True,rectangle_concave.yaml,0.9,True,rectangle,112,True,0.005591689440282006,CONVERGED,analytic_truth_safety_offset,valid,True,none,0,True,0.9194444444444444,1.5851025575708633,2.1484685506600836,2.1484685506600836,converged_pr5_safety_filtered_episode,episode_final_frame,0.850000001006483,0.7324608795758707,0.41957883676131935,1.9745143262457585,2.4486558378993166,VALID,True,2.3932757545995105,2,VALID,0,True,ENABLED_PR5,0,7.632783294297951e-17,55,True,True,111,concave,1
11,0.3112941273011033,VALID,0,True,bootstrap_estimated_pr6,alpha_shape,VALID,True,rectangle_concave.yaml,0.8736111111111111,True,rectangle,400,False,1.3380690835285651,TIMEOUT,analytic_truth_safety_offset,valid,True,TIMEOUT,0,True,0.8111111111111111,2.7944381874119752,2.047334955103962,2.047334955103962,diagnostic_only,episode_final_frame,0.8500000009999988,0.7178338113161046,0.280931922677165,1.1728782896760075,2.4009202925269957,VALID,True,1.298242490964843,1,VALID,0,True,ENABLED_PR5,0,1.249000902703301e-16,391,True,False,108,concave,1
10,0.31912162096803814,VALID,0,True,bootstrap_estimated_pr6,alpha_shape,VALID,True,rectangle_concave.yaml,0.8986111111111111,True,rectangle,108,True,0.005876633389050824,CONVERGED,analytic_truth_safety_offset,valid,True,none,0,True,0.8319444444444445,2.7657152882600955,2.200690628190722,2.200690628190722,converged_pr5_safety_filtered_episode,episode_final_frame,0.8500000015198387,1.2176362468925521,0.4496474738470013,2.123703970210731,2.421906237273239,VALID,True,2.0727979227043853,2,VALID,0,True,ENABLED_PR5,0,9.71445146547012e-17,64,True,True,118,concave,1
10,0.31749948618321794,VALID,0,True,bootstrap_estimated_pr6,alpha_shape,VALID,True,rectangle_concave.yaml,0.8819444444444444,True,rectangle,400,False,0.1240488446205456,TIMEOUT,analytic_truth_safety_offset,valid,True,TIMEOUT,0,True,0.8652777777777778,2.3436100702774145,2.2705637346358905,2.2705637346358905,diagnostic_only,episode_final_frame,0.8500000009999983,1.1142823570059908,0.7155849304103334,2.2858288111521725,2.3738908612990137,VALID,True,2.0303448487179594,2,VALID,0,True,ENABLED_PR5,0,1.2287731288567038e-16,345,True,False,112,concave,1
11,0.29041355012224995,VALID,0,True,bootstrap_estimated_pr6,alpha_shape,VALID,True,rectangle_concave.yaml,0.8819444444444444,True,rectangle,400,False,0.8446971399361431,TIMEOUT,analytic_truth_safety_offset,valid,True,TIMEOUT,0,True,0.8319444444444445,2.8256296264695346,1.8738464302330737,1.8738464302330737,diagnostic_only,episode_final_frame,0.8500000009999981,0.611465673343174,0.2569988280862534,0.6116783651158432,2.413650576516673,VALID,True,1.205491187016851,1,VALID,0,True,ENABLED_PR5,0,1.2836953722228372e-16,369,True,False,113,concave,1
10,0.39901955431800584,VALID,0,True,bootstrap_estimated_pr6,alpha_shape,VALID,True,rectangle_concave.yaml,0.7847222222222222,True,rectangle,400,False,1.3319429455653293,TIMEOUT,analytic_truth_safety_offset,valid,True,TIMEOUT,0,True,0.9277777777777778,1.5355111472343643,2.416781986735703,2.416781986735703,diagnostic_only,episode_final_frame,0.8500000009999985,0.600000032744895,0.9876559333665034,0.6025243205512897,2.456444122424614,VALID,True,2.1998391224936964,2,VALID,0,True,ENABLED_PR5,0,4.853243321546047e-10,379,True,False,110,concave,1
10,0.29549250876195543,VALID,0,True,bootstrap_estimated_pr6,alpha_shape,VALID,True,rectangle_concave.yaml,0.8513888888888889,True,rectangle,400,False,0.07984136016055995,TIMEOUT,analytic_truth_safety_offset,valid,True,TIMEOUT,0,True,0.8388888888888889,2.4572882059346393,2.055783210127176,2.055783210127176,diagnostic_only,episode_final_frame,0.8500000009999984,1.6409125680829315,0.34100724762657797,2.1256386900897324,2.3265070693524024,VALID,True,2.3828716112857413,2,VALID,0,True,ENABLED_PR5,0,7.47905266667413e-17,348,True,False,115,concave,1
11,0.20370231957954618,VALID,0,True,bootstrap_estimated_pr6,alpha_shape,VALID,True,rectangle_irregular.yaml,0.9875,True,rectangle,116,True,0.0034920110565951376,CONVERGED,analytic_truth_safety_offset,valid,True,none,0,True,0.9666666666666667,1.5836710481482108,1.3497590072937453,1.3497590072937453,converged_pr5_safety_filtered_episode,episode_final_frame,0.8500000009999992,0.83247474089071,0.4339429621405273,2.0316226708387926,2.377539107857878,VALID,True,1.4353079914495754,1,VALID,0,True,ENABLED_PR5,0,1.1102230246251565e-16,88,True,True,101,irregular,1
10,0.4392039792773856,VALID,0,True,bootstrap_estimated_pr6,alpha_shape,VALID,True,rectangle_concave.yaml,0.8083333333333333,True,rectangle,400,False,1.7913764799377074,TIMEOUT,analytic_truth_safety_offset,valid,True,TIMEOUT,0,True,0.8513888888888889,2.5827338284358277,2.616926078493088,2.616926078493088,diagnostic_only,episode_final_frame,0.8500000009999981,0.8786006900600216,1.031747379752689,1.0077638645733853,2.4046059376394666,VALID,True,2.160534108644589,2,VALID,0,True,ENABLED_PR5,0,9.863039724556407e-17,390,True,False,119,concave,1
10,0.43229455621306173,VALID,0,True,bootstrap_estimated_pr6,alpha_shape,VALID,True,rectangle_concave.yaml,0.8333333333333334,True,rectangle,400,False,0.7370972309168119,TIMEOUT,analytic_truth_safety_offset,valid,True,TIMEOUT,0,True,0.8763888888888889,2.0138373609776696,2.4034311800966885,2.4034311800966885,diagnostic_only,episode_final_frame,0.8500000009999988,0.6000000266603842,0.47401593055875324,1.6633803373407328,2.449933654106868,VALID,True,2.006090348342458,2,VALID,0,True,ENABLED_PR5,0,9.98279965636062e-10,396,True,False,114,concave,1
11,0.19479418258325015,VALID,0,True,bootstrap_estimated_pr6,alpha_shape,VALID,True,rectangle_irregular.yaml,0.9861111111111112,True,rectangle,111,True,0.004840734432433836,CONVERGED,analytic_truth_safety_offset,valid,True,none,0,True,0.9541666666666667,1.523720215263789,1.316395645970182,1.316395645970182,converged_pr5_safety_filtered_episode,episode_final_frame,0.8500000009999997,0.7012811372843746,0.4808712097835998,2.0506611711706983,2.3877492376661884,VALID,True,1.292903687262364,1,VALID,0,True,ENABLED_PR5,0,1.1102230246251565e-16,111,True,True,106,irregular,1
11,0.21082575993820948,VALID,0,True,bootstrap_estimated_pr6,alpha_shape,VALID,True,rectangle_irregular.yaml,0.9958333333333333,True,rectangle,121,True,0.005264518423817951,CONVERGED,analytic_truth_safety_offset,valid,True,none,0,True,0.9638888888888889,1.531519633839173,1.2672994413637562,1.2672994413637562,converged_pr5_safety_filtered_episode,episode_final_frame,0.8500000009999992,1.2414227014756294,1.1301998764726913,2.03651766423023,2.41003882857693,VALID,True,1.4680960740315718,1,VALID,0,True,ENABLED_PR5,0,4.336808689942018e-18,74,True,True,105,irregular,1
11,0.20897800240485348,VALID,0,True,bootstrap_estimated_pr6,alpha_shape,VALID,True,rectangle_irregular.yaml,0.9819444444444444,True,rectangle,135,True,0.006774826010019962,CONVERGED,analytic_truth_safety_offset,valid,True,none,0,True,0.9541666666666667,1.467499361686285,1.3549216491538352,1.3549216491538352,converged_pr5_safety_filtered_episode,episode_final_frame,0.8500000010000008,1.217563313315627,0.5397540726148762,1.8247267895311001,2.4378643843112116,VALID,True,1.5357760835575835,1,VALID,0,True,ENABLED_PR5,0,8.326672684688674e-17,106,True,True,107,irregular,1
11,0.20724138548494703,VALID,0,True,bootstrap_estimated_pr6,alpha_shape,VALID,True,rectangle_irregular.yaml,0.9847222222222223,True,rectangle,100,True,0.002776507158555447,CONVERGED,analytic_truth_safety_offset,valid,True,none,0,True,0.9847222222222223,1.4073675909974193,1.377684974925701,1.377684974925701,converged_pr5_safety_filtered_episode,episode_final_frame,0.850000001000209,0.8382192941073875,0.280931922677165,2.091850437409172,2.3492861448502254,VALID,True,1.2996705434013986,1,VALID,0,True,ENABLED_PR5,0,1.1102230246251565e-16,76,True,True,108,irregular,1
11,0.3324311856453844,VALID,0,True,bootstrap_estimated_pr6,alpha_shape,VALID,True,rectangle_irregular.yaml,0.9083333333333333,True,rectangle,400,False,1.050329886112347,TIMEOUT,analytic_truth_safety_offset,valid,True,TIMEOUT,0,True,0.9666666666666667,1.5248253262938642,2.275413160699779,2.275413160699779,diagnostic_only,episode_final_frame,0.8500000009999982,1.0507133424906114,0.815587322069657,1.0507133424906128,2.380429793706714,VALID,True,1.4420250923112545,1,VALID,0,True,ENABLED_PR5,0,1.249000902703301e-16,391,True,False,103,irregular,1
11,0.37508749185805457,VALID,0,True,bootstrap_estimated_pr6,alpha_shape,VALID,True,rectangle_irregular.yaml,0.9125,True,rectangle,400,False,0.7923061802212428,TIMEOUT,analytic_truth_safety_offset,valid,True,TIMEOUT,0,True,0.9555555555555556,1.541023656384105,2.2565142885439835,2.2565142885439835,diagnostic_only,episode_final_frame,0.8500000009999981,0.7961067887363211,0.5085145924110335,0.7961067887363211,2.3474664825417477,VALID,True,1.0974009883255866,1,VALID,0,True,ENABLED_PR5,0,1.942890293094024e-16,388,True,False,102,irregular,1
11,0.4052101012123072,VALID,0,True,bootstrap_estimated_pr6,alpha_shape,VALID,True,rectangle_concave.yaml,0.9027777777777778,True,rectangle,400,False,1.120276992652208,TIMEOUT,analytic_truth_safety_offset,valid,True,TIMEOUT,0,True,0.8541666666666666,2.138658395680371,2.372604215727945,2.372604215727945,diagnostic_only,episode_final_frame,0.850000000999999,0.6000000009208665,1.0660350200447914,0.6000000009208674,2.3978406810334505,VALID,True,1.2951051512166905,1,VALID,0,True,ENABLED_PR5,0,9.960886403898028e-10,388,True,False,117,concave,1
11,0.43504422331901516,VALID,0,True,bootstrap_estimated_pr6,alpha_shape,VALID,True,rectangle_irregular.yaml,0.8333333333333334,True,rectangle,400,False,1.2362540113961389,TIMEOUT,analytic_truth_safety_offset,valid,True,TIMEOUT,0,True,0.9611111111111111,1.4792941359914589,2.2060894652202627,2.2060894652202627,diagnostic_only,episode_final_frame,0.8500000009999984,0.6000000009403947,0.31189896871402506,0.6000000009403963,2.3769569219371824,VALID,True,1.340349537472575,1,VALID,0,True,ENABLED_PR5,0,9.985519633382012e-10,396,True,False,100,irregular,1
11,0.2997501478018072,VALID,0,True,bootstrap_estimated_pr6,alpha_shape,VALID,True,rectangle_concave.yaml,0.8944444444444445,True,rectangle,400,False,0.7952587307766512,TIMEOUT,analytic_truth_safety_offset,valid,True,TIMEOUT,0,True,0.8875,2.0794894552111973,1.9247581992786782,1.9247581992786782,diagnostic_only,episode_final_frame,0.8500000009999988,0.6000000009198028,0.9333401248119451,0.6000000009198038,2.439531034712548,VALID,True,1.3452839817739999,1,VALID,0,True,ENABLED_PR5,0,9.717454896307487e-10,396,True,False,116,concave,1
11,0.17374524714514045,VALID,0,True,bootstrap_estimated_pr6,alpha_shape,VALID,True,rectangle_irregular.yaml,0.9763888888888889,True,rectangle,132,True,0.008678177464732588,CONVERGED,analytic_truth_safety_offset,valid,True,none,0,True,0.9555555555555556,1.5781763898523047,1.3888201951038333,1.3888201951038333,converged_pr5_safety_filtered_episode,episode_final_frame,0.8500000009999992,1.22512915505391,0.9876559333665034,2.0011497453951126,2.35906856226935,VALID,True,1.3792148157135946,1,VALID,0,True,ENABLED_PR5,0,1.3877787807814457e-17,104,True,True,110,irregular,1
11,0.2137741583863475,VALID,0,True,bootstrap_estimated_pr6,alpha_shape,VALID,True,rectangle_irregular.yaml,0.9958333333333333,True,rectangle,116,True,0.004210809608571746,CONVERGED,analytic_truth_safety_offset,valid,True,none,0,True,0.9583333333333334,1.5293361773420884,1.2774237812866018,1.2774237812866018,converged_pr5_safety_filtered_episode,episode_final_frame,0.8500000009999991,1.4214271741978222,0.2569988280862534,2.144688676191811,2.3156362146100484,VALID,True,1.3219024344150567,1,VALID,0,True,ENABLED_PR5,0,2.3242584072658e-18,85,True,True,113,irregular,1
11,0.346864636805578,VALID,0,True,bootstrap_estimated_pr6,alpha_shape,VALID,True,rectangle_concave.yaml,0.8944444444444445,True,rectangle,400,False,0.8057257847639386,TIMEOUT,analytic_truth_safety_offset,valid,True,TIMEOUT,0,True,0.8763888888888889,1.9452181313445496,1.8993655297430934,1.8993655297430934,diagnostic_only,episode_final_frame,0.8500000009999982,0.6000000009228909,0.6684103178790219,0.6000000009228929,2.4107403182589415,VALID,True,1.2661806231266353,1,VALID,0,True,ENABLED_PR5,0,9.99500496501023e-10,395,True,False,104,concave,1
11,0.20031974964690252,VALID,0,True,bootstrap_estimated_pr6,alpha_shape,VALID,True,rectangle_irregular.yaml,0.9861111111111112,True,rectangle,137,True,0.007534309203415317,CONVERGED,analytic_truth_safety_offset,valid,True,none,0,True,0.9486111111111111,1.6712126365175588,1.3852000381412397,1.3852000381412397,converged_pr5_safety_filtered_episode,episode_final_frame,0.8500000009999997,1.1167607292902326,0.34100724762657797,1.9857071793840793,2.390567255516679,VALID,True,1.6172161521512505,1,VALID,0,True,ENABLED_PR5,0,5.551115123125783e-17,103,True,True,115,irregular,1
11,0.15228874743519127,VALID,0,True,bootstrap_estimated_pr6,alpha_shape,VALID,True,rectangle_irregular.yaml,0.9847222222222223,True,rectangle,121,True,0.006417259318676217,CONVERGED,analytic_truth_safety_offset,valid,True,none,0,True,0.9625,1.4515979431672177,1.350252406059546,1.350252406059546,converged_pr5_safety_filtered_episode,episode_final_frame,0.8500000010002782,0.6000253922844693,0.47401593055875324,2.14699922247095,2.383449753784827,VALID,True,1.3868840151806279,1,VALID,0,True,ENABLED_PR5,0,9.96624893723208e-10,103,True,True,114,irregular,1
11,0.20924795546125896,VALID,0,True,bootstrap_estimated_pr6,alpha_shape,VALID,True,rectangle_irregular.yaml,0.9902777777777778,True,rectangle,125,True,0.008005609915986601,CONVERGED,analytic_truth_safety_offset,valid,True,none,0,True,0.9291666666666667,1.4983539938743469,1.33677889560117,1.33677889560117,converged_pr5_safety_filtered_episode,episode_final_frame,0.8500000009999994,1.1142823570059908,0.7155849304103334,2.017897517954648,2.3911695940620312,VALID,True,1.3263902496186624,1,VALID,0,True,ENABLED_PR5,0,1.3877787807814457e-17,103,True,True,112,irregular,1
11,0.2335953358199024,VALID,0,True,bootstrap_estimated_pr6,alpha_shape,VALID,True,rectangle_irregular.yaml,0.9902777777777778,True,rectangle,101,True,0.001936751780506549,CONVERGED,analytic_truth_safety_offset,valid,True,none,0,True,0.9444444444444444,1.6887271272213848,1.294471923644154,1.294471923644154,converged_pr5_safety_filtered_episode,episode_final_frame,0.8500000027292997,1.8886553887190307,0.9333401248119451,1.9414025059677784,2.3654074768252364,VALID,True,1.400679967967885,1,VALID,0,True,ENABLED_PR5,0,5.551115123125783e-17,18,True,True,116,irregular,1
11,0.1719639055812817,VALID,0,True,bootstrap_estimated_pr6,alpha_shape,VALID,True,rectangle_irregular.yaml,0.9888888888888889,True,rectangle,113,True,0.008379260320590215,CONVERGED,analytic_truth_safety_offset,valid,True,none,0,True,0.9861111111111112,1.350695858972043,1.3030291232909554,1.3030291232909554,converged_pr5_safety_filtered_episode,episode_final_frame,0.8500000010001086,2.1412969959611683,1.0660350200447914,2.1412969959611683,2.356541454657741,VALID,True,1.3425114458063911,1,VALID,0,True,ENABLED_PR5,0,5.8817967857338616e-18,61,True,True,117,irregular,1
11,0.3725034950338688,VALID,0,True,bootstrap_estimated_pr6,alpha_shape,VALID,True,rectangle_irregular.yaml,0.9055555555555556,True,rectangle,400,False,1.4148905975320636,TIMEOUT,analytic_truth_safety_offset,valid,True,TIMEOUT,0,True,0.975,1.53055030287498,2.256526161572249,2.256526161572249,diagnostic_only,episode_final_frame,0.8500000009999981,0.7324608795758707,0.41957883676131935,0.8941330226735509,2.374766819241918,VALID,True,1.640087078871381,1,VALID,0,True,ENABLED_PR5,0,1.8041124150158794e-16,394,True,False,111,irregular,1
11,0.23054418555270878,VALID,0,True,bootstrap_estimated_pr6,alpha_shape,VALID,True,rectangle_irregular.yaml,0.9888888888888889,True,rectangle,115,True,0.0034567023626319087,CONVERGED,analytic_truth_safety_offset,valid,True,none,0,True,0.9486111111111111,1.6261299699108782,1.3240682015117078,1.3240682015117078,converged_pr5_safety_filtered_episode,episode_final_frame,0.8500000010402248,1.6912952702658997,0.4496474738470013,2.192438090447119,2.4088928742268223,VALID,True,1.4175890734728878,1,VALID,0,True,ENABLED_PR5,0,5.551115123125783e-17,56,True,True,118,irregular,1
11,0.16445056804514027,VALID,0,True,bootstrap_estimated_pr6,alpha_shape,VALID,True,rectangle_irregular.yaml,0.9958333333333333,True,rectangle,123,True,0.008131828858458319,CONVERGED,analytic_truth_safety_offset,valid,True,none,0,True,0.9861111111111112,1.2922114745352102,1.3088788217816825,1.3088788217816825,converged_pr5_safety_filtered_episode,episode_final_frame,0.8500000009999988,1.5339738230697841,1.031747379752689,2.145396943792196,2.3135043183402715,VALID,True,1.388193393861642,1,VALID,0,True,ENABLED_PR5,0,8.326672684688674e-17,96,True,True,119,irregular,1
11,0.3538951858828687,VALID,0,True,bootstrap_estimated_pr6,alpha_shape,VALID,True,rectangle_irregular.yaml,0.9013888888888889,True,rectangle,400,False,0.8821442248475572,TIMEOUT,analytic_truth_safety_offset,valid,True,TIMEOUT,0,True,0.9597222222222223,1.5373668704660315,2.3609476199694517,2.3609476199694517,diagnostic_only,episode_final_frame,0.8500000009309561,0.6000000009348323,0.41984208913813137,0.6000000009348331,2.3940913093375578,VALID,True,1.4791117206739177,1,VALID,0,True,ENABLED_PR5,0,9.959808845716456e-10,361,True,False,109,irregular,1
11,0.4867865786255539,VALID,0,True,bootstrap_estimated_pr6,alpha_shape,VALID,True,rectangle_irregular.yaml,0.825,True,rectangle,400,False,1.652783160123166,TIMEOUT,analytic_truth_safety_offset,valid,True,TIMEOUT,0,True,0.9805555555555555,1.3734309035734715,2.2260441274052916,2.2260441274052916,diagnostic_only,episode_final_frame,0.8500000009999981,0.6000000009058953,0.6684103178790219,0.6000000009174472,2.36307778746389,VALID,True,1.2252016460990818,1,VALID,0,True,ENABLED_PR5,0,9.969961917676018e-10,383,True,False,104,irregular,1
