{
 "angular_case": {
  "center": [
   5.0,
   5.0
  ],
  "guides": [
   [
    7.0,
    5.0
   ],
   [
    5.0,
    7.0
   ],
   [
    3.0,
    5.0
   ],
   [
    5.0,
    3.0
   ]
  ],
  "python_angular_uniformity_error": 0.0
 },
 "angular_uneven_case": {
  "center": [
   5.0,
   5.0
  ],
  "guides": [
   [
    7.0,
    5.0
   ],
   [
    7.001,
    5.1
   ],
   [
    3.0,
    5.0
   ]
  ],
  "python_angular_uniformity_error": 0.6507723493558075
 },
 "hand_case": {
  "boundary": [
   [
    1.0,
    0.0
   ],
   [
    3.0,
    0.0
   ],
   [
    2.0,
    2.0
   ]
  ],
  "coverage_radius": 1.5,
  "guides": [
   [
    0.0,
    0.0
   ],
   [
    4.0,
    0.0
   ]
  ],
  "python_coverage_ratio": 0.6666666666666666,
  "python_max_euclidean_distance": 2.8284271247461903
 },
 "random_cases": [
  {
   "boundary": [
    [
     6.500134624392149,
     7.102923712467447
    ],
    [
     7.653097122631493,
     4.733192974880744
    ],
    [
     7.445368299493429,
     6.3977587635407
    ],
    [
     4.778651411666508,
     0.2554098071734623
    ],
    [
     9.38493571186611,
     8.619808285296704
    ],
    [
     1.9685109070724016,
     6.988921728564912
    ],
    [
     0.9823979373050262,
     1.8208545660098285
    ],
    [
     1.0668481353958215,
     1.9765421741326306
    ],
    [
     8.29871037059826,
     3.087915986449332
    ],
    [
     9.048867056187532,
     7.022171780781098
    ],
    [
     9.49994526091392,
     4.062710460787809
    ],
    [
     5.853178177673834,
     1.9954629676028524
    ]
   ],
   "coverage_radius": 2.0,
   "guides": [
    [
     7.20226128201631,
     3.9926246798407328
    ],
    [
     9.991013911545462,
     2.2064613706531166
    ],
    [
     8.490871309566854,
     4.08036373680848
    ],
    [
     4.28656960255577,
     8.199376400561775
    ]
   ],
   "python_coverage_ratio": 0.25,
   "python_coverage_ratio_transformed": 0.25,
   "python_max_euclidean_distance": 6.588116988503781,
   "python_min_inter_guide": 1.29159356812482,
   "rotation_angle": 5.801393514453896,
   "shift": [
    3.00683298738139,
    3.4218040869288977
   ],
   "trial": 0
  },
  {
   "boundary": [
    [
     7.3395643558930965,
     0.6827289162623906
    ],
    [
     4.832237437895893,
     0.4120805682341422
    ],
    [
     4.122010364072207,
     3.7717189351835945
    ],
    [
     9.287621506736146,
     5.168765992863067
    ],
    [
     7.451169023160993,
     6.958420448820943
    ],
    [
     9.11410230115701,
     3.2803681369491313
    ],
    [
     4.053230920470007,
     8.703041119384494
    ],
    [
     3.9866987494277986,
     0.6649802222973089
    ],
    [
     1.432660554595493,
     7.830131101667115
    ],
    [
     1.3965746619586317,
     3.6206635371980864
    ],
    [
     3.1810924098250073,
     6.061882660679486
    ],
    [
     3.532656289119945,
     8.088027934436642
    ]
   ],
   "coverage_radius": 2.0,
   "guides": [
    [
     3.4891929504172747,
     2.0653537792005205
    ],
    [
     1.1452926674457886,
     4.122059828842303
    ],
    [
     6.24891694816243,
     8.311576354760279
    ],
    [
     4.719356619028751,
     8.166366834631187
    ]
   ],
   "python_coverage_ratio": 0.5,
   "python_coverage_ratio_transformed": 0.5,
   "python_max_euclidean_distance": 5.754638571932609,
   "python_min_inter_guide": 1.536437634658709,
   "rotation_angle": 0.5473655868168563,
   "shift": [
    4.003481083631998,
    3.4170881097924504
   ],
   "trial": 1
  },
  {
   "boundary": [
    [
     0.31905822409809215,
     8.718076719128927
    ],
    [
     3.6507516157379074,
     0.6549259340800462
    ],
    [
     1.260611267144064,
     2.80789132281381
    ],
    [
     6.228027594114484,
     4.72169030378625
    ],
    [
     1.7783100566301036,
     9.849996086693261
    ],
    [
     1.4099766082806975,
     6.332852453474525
    ],
    [
     4.49579899510125,
     2.892443699111673
    ],
    [
     8.2892872006142,
     8.42258947339275
    ],
    [
     7.130371771436588,
     1.217794771718932
    ],
    [
     0.44486223342229403,
     4.636773118848442
    ],
    [
     5.40174563232193,
     9.349390109763293
    ],
    [
     9.196290123474856,
     0.807276933004093
    ]
   ],
   "coverage_radius": 2.0,
   "guides": [
    [
     0.7996138152711529,
     7.780840528439086
    ],
    [
     6.5344227924122436,
     7.2125685306333605
    ],
    [
     3.5155538813796614,
     2.4444858738993958
    ],
    [
     5.148514618669466,
     9.53252445843613
    ]
   ],
   "python_coverage_ratio": 0.4166666666666667,
   "python_coverage_ratio_transformed": 0.4166666666666667,
   "python_max_euclidean_distance": 5.911955460623951,
   "python_min_inter_guide": 2.702394673802154,
   "rotation_angle": 0.07188479397949654,
   "shift": [
    -0.5388076003719711,
    -4.807278254493948
   ],
   "trial": 2
  },
  {
   "boundary": [
    [
     1.7319606794852238,
     4.210322444811147
    ],
    [
     2.0143984590154984,
     4.074753828935467
    ],
    [
     1.9536865632434597,
     4.806229432922606
    ],
    [
     8.070757924724344,
     1.7132438971773034
    ],
    [
     1.6046645212894506,
     0.28307938292568835
    ],
    [
     9.968705129701492,
     3.4372041063204337
    ],
    [
     9.812241491180293,
     0.6226239395043409
    ],
    [
     5.9957500139244235,
     6.8872459706464015
    ],
    [
     6.8115194255312534,
     4.479308539229859
    ],
    [
     6.963034866409389,
     8.219680940388187
    ],
    [
     8.96896214796568,
     2.677356754889467
    ],
    [
     8.898151318202794,
     0.5721078459601636
    ]
   ],
   "coverage_radius": 2.0,
   "guides": [
    [
     4.0890488344701925,
     9.583263962364827
    ],
    [
     3.5140515172461617,
     9.53651682226962
    ],
    [
     6.357116223288651,
     2.9576593725820723
    ],
    [
     7.257903257295042,
     2.4173291346359536
    ]
   ],
   "python_coverage_ratio": 0.25,
   "python_coverage_ratio_transformed": 0.25,
   "python_max_euclidean_distance": 5.453363668499053,
   "python_min_inter_guide": 0.5768944530171126,
   "rotation_angle": 4.6057600208306235,
   "shift": [
    -2.2468057330778146,
    -1.6747352766267944
   ],
   "trial": 3
  },
  {
   "boundary": [
    [
     4.725568342047806,
     1.4528211237422828
    ],
    [
     5.04928686828547,
     5.9469565417824235
    ],
    [
     8.707499164201955,
     1.7557619817953962
    ],
    [
     8.533030213429399,
     7.447567125189259
    ],
    [
     6.783058007856843,
     1.0761080288727054
    ],
    [
     0.3490371081213639,
     6.665299730172056
    ],
    [
     9.16045338269283,
     8.02146167726627
    ],
    [
     0.34359538634354814,
     3.104519925709457
    ],
    [
     8.640059086761276,
     4.404688571699689
    ],
    [
     0.3098154131532127,
     8.47497321490863
    ],
    [
     2.013849431419067,
     1.525210065577982
    ],
    [
     2.6440469523556267,
     5.890800152787563
    ]
   ],
   "coverage_radius": 2.0,
   "guides": [
    [
     1.970491910203963,
     2.5310400878421433
    ],
    [
     2.4667705367451607,
     5.3000077112297035
    ],
    [
     5.9593926642506645,
     4.853424679727658
    ],
    [
     1.8371266601327085,
     1.3925497836938128
    ]
   ],
   "python_coverage_ratio": 0.3333333333333333,
   "python_coverage_ratio_transformed": 0.3333333333333333,
   "python_max_euclidean_distance": 4.503692722747295,
   "python_min_inter_guide": 1.146275037923415,
   "rotation_angle": 2.387432340365808,
   "shift": [
    1.849177347842974,
    0.5020029891313937
   ],
   "trial": 4
  }
 ],
 "seed": 20260725,
 "trace_case": {
  "controls": [
   [
    [
     1.0,
     0.0
    ],
    [
     -1.0,
     1.0
    ]
   ],
   [
    [
     1.5,
     0.5
    ],
    [
     -2.0,
     1.5
    ]
   ]
  ],
  "dt": 0.1,