{
  "final_time": 20.00000000000015,
  "final_evacuated": 149,
  "total_pedestrians": 160,
  "evacuation_rate": 0.93125,
  "final_evacuation_rate": 0.93125,
  "full_evacuation_time": null,
  "mean_speed": 1.0544503123042717,
  "mean_active_speed_over_time": 1.0544503123042717,
  "congestion_index": 1.5138073468466362,
  "peak_congestion_index": 7.4625,
  "mean_congestion_index": 1.5138073468466362,
  "near_collision_count": 246,
  "peak_near_collision_count": 246,
  "mean_path_length": 16.68245874640839,
  "total_path_length": 2669.1933994253422
}