{
  "labels": [
    "baseline",
    "static",
    "random",
    "dbact"
  ],
  "runs": {
    "baseline": {
      "final_time": 20.00000000000015,
      "final_evacuated": 149,
      "total_pedestrians": 160,
      "evacuation_rate": 0.93125,
      "final_evacuation_rate": 0.93125,
      "full_evacuation_time": null,
      "mean_speed": 1.0544503123042717,
      "mean_active_speed_over_time": 1.0544503123042717,
      "congestion_index": 1.5138073468466362,
      "peak_congestion_index": 7.4625,
      "mean_congestion_index": 1.5138073468466362,
      "near_collision_count": 246,
      "peak_near_collision_count": 246,
      "mean_path_length": 16.68245874640839,
      "total_path_length": 2669.1933994253422
    },
    "static": {
      "final_time": 20.00000000000015,
      "final_evacuated": 150,
      "total_pedestrians": 160,
      "evacuation_rate": 0.9375,
      "final_evacuation_rate": 0.9375,
      "full_evacuation_time": null,
      "mean_speed": 1.0646258728723959,
      "mean_active_speed_over_time": 1.0646258728723959,
      "congestion_index": 1.4833535364743007,
      "peak_congestion_index": 7.4625,
      "mean_congestion_index": 1.4833535364743007,
      "near_collision_count": 246,
      "peak_near_collision_count": 246,
      "mean_path_length": 16.69643360990028,
      "total_path_length": 2671.4293775840447
    },
    "random": {
      "final_time": 20.00000000000015,
      "final_evacuated": 150,
      "total_pedestrians": 160,
      "evacuation_rate": 0.9375,
      "final_evacuation_rate": 0.9375,
      "full_evacuation_time": null,
      "mean_speed": 1.054123468949858,
      "mean_active_speed_over_time": 1.054123468949858,
      "congestion_index": 1.601269828165932,
      "peak_congestion_index": 7.4625,
      "mean_congestion_index": 1.601269828165932,
      "near_collision_count": 246,
      "peak_near_collision_count": 246,
      "mean_path_length": 16.699985092474314,
      "total_path_length": 2671.9976147958905
    },
    "dbact": {
      "final_time": 20.00000000000015,
      "final_evacuated": 150,
      "total_pedestrians": 160,
      "evacuation_rate": 0.9375,
      "final_evacuation_rate": 0.9375,
      "full_evacuation_time": null,
      "mean_speed": 1.057805630647031,
      "mean_active_speed_over_time": 1.057805630647031,
      "congestion_index": 1.6103505437524563,
      "peak_congestion_index": 7.4625,
      "mean_congestion_index": 1.6103505437524563,
      "near_collision_count": 246,
      "peak_near_collision_count": 246,
      "mean_path_length": 16.725926648768638,
      "total_path_length": 2676.148263802982
    }
  },
  "baseline_label": "baseline",
  "deltas_vs_baseline": {
    "baseline": {
      "delta_final_evacuation_rate_vs_baseline": 0.0,
      "delta_mean_speed_vs_baseline": 0.0,
      "delta_congestion_index_vs_baseline": 0.0,
      "delta_near_collision_count_vs_baseline": 0
    },
    "static": {
      "delta_final_evacuation_rate_vs_baseline": 0.006249999999999978,
      "delta_mean_speed_vs_baseline": 0.010175560568124187,
      "delta_congestion_index_vs_baseline": -0.03045381037233552,
      "delta_near_collision_count_vs_baseline": 0
    },
    "random": {
      "delta_final_evacuation_rate_vs_baseline": 0.006249999999999978,
      "delta_mean_speed_vs_baseline": -0.00032684335441368617,
      "delta_congestion_index_vs_baseline": 0.0874624813192959,
      "delta_near_collision_count_vs_baseline": 0
    },
    "dbact": {
      "delta_final_evacuation_rate_vs_baseline": 0.006249999999999978,
      "delta_mean_speed_vs_baseline": 0.0033553183427592614,
      "delta_congestion_index_vs_baseline": 0.09654319690582014,
      "delta_near_collision_count_vs_baseline": 0
    }
  }
}